project,bug,status,targets,evaluated_targets,error
Math,1,FAILED,2,0,
Math,2,EVALUATED,1,1,
Math,3,EVALUATED,1,1,
Math,4,EVALUATED,2,2,
Math,5,EVALUATED,1,1,
Math,6,EVALUATED,7,7,
Math,7,EVALUATED,1,1,
Math,8,EVALUATED,1,1,
Math,9,EVALUATED,1,1,
Math,10,FAILED,1,0,
Math,11,EVALUATED,1,1,
Math,12,EVALUATED,1,1,
Math,13,EVALUATED,1,1,
Math,14,EVALUATED,2,2,
Math,15,EVALUATED,1,1,
Math,16,EVALUATED,1,1,
Math,17,EVALUATED,1,1,
Math,18,EVALUATED,1,1,
Math,19,EVALUATED,1,1,
Math,20,EVALUATED,1,1,
Math,21,EVALUATED,1,1,
Math,22,EVALUATED,2,2,
Math,23,EVALUATED,1,1,
Math,24,EVALUATED,1,1,
Math,25,EVALUATED,1,1,
Math,26,FAILED,1,0,
Math,27,FAILED,1,0,
Math,28,EVALUATED,1,1,
Math,29,EVALUATED,1,1,
Math,30,FAILED,1,0,
Math,31,EVALUATED,1,1,
Math,32,EVALUATED,1,1,
Math,33,EVALUATED,1,1,
Math,34,EVALUATED,1,1,
Math,35,EVALUATED,1,1,
Math,36,FAILED,1,0,
Math,37,EVALUATED,1,1,
Math,38,EVALUATED,1,1,
Math,39,EVALUATED,1,1,
Math,40,EVALUATED,1,1,
Math,41,EVALUATED,1,1,
Math,42,EVALUATED,1,1,
Math,43,EVALUATED,1,1,
Math,44,EVALUATED,1,1,
Math,45,EVALUATED,1,1,
Math,46,FAILED,1,0,
Math,47,FAILED,1,0,
Math,48,FAILED,1,0,
Math,49,FAILED,1,0,
Math,50,FAILED,1,0,
Math,51,FAILED,1,0,
Math,52,FAILED,1,0,
Math,53,FAILED,1,0,
Math,54,EVALUATED,1,1,
Math,55,EVALUATED,1,1,
Math,56,FAILED,1,0,
Math,57,EVALUATED,1,1,
Math,58,FAILED,1,0,
Math,59,FAILED,1,0,
Math,60,FAILED,1,0,
Math,61,FAILED,1,0,
Math,62,FAILED,1,0,
Math,63,EVALUATED,1,1,
Math,64,EVALUATED,1,1,
Math,65,EVALUATED,1,1,
Math,66,EVALUATED,1,1,
Math,67,EVALUATED,1,1,
Math,68,FAILED,1,0,
Math,69,EVALUATED,1,1,
Math,70,EVALUATED,1,1,
Math,71,EVALUATED,2,2,
Math,72,EVALUATED,1,1,
Math,73,EVALUATED,1,1,
Math,74,EVALUATED,1,1,
Math,75,EVALUATED,1,1,
Math,76,EVALUATED,1,1,
Math,77,EVALUATED,2,2,
Math,78,EVALUATED,1,1,
Math,79,EVALUATED,1,1,
Math,80,EVALUATED,1,1,
Math,81,EVALUATED,1,1,
Math,82,EVALUATED,1,1,
Math,83,EVALUATED,1,1,
Math,84,EVALUATED,1,1,
Math,85,EVALUATED,1,1,
Math,86,EVALUATED,1,1,
Math,87,EVALUATED,1,1,
Math,88,EVALUATED,1,1,
Math,89,EVALUATED,1,1,
Math,90,EVALUATED,1,1,
Math,91,FAILED,1,0,
Math,92,EVALUATED,1,1,
Math,93,EVALUATED,1,1,
Math,94,EVALUATED,1,1,
Math,95,EVALUATED,1,1,
Math,96,EVALUATED,1,1,
Math,97,EVALUATED,1,1,
Math,98,EVALUATED,2,2,
Math,99,EVALUATED,1,1,
Math,100,EVALUATED,1,1,
Math,101,EVALUATED,1,1,
Math,102,EVALUATED,1,1,
Math,103,EVALUATED,1,1,
Math,104,EVALUATED,1,1,
Math,105,EVALUATED,1,1,
Math,106,EVALUATED,1,1,
