dataset,tool,project,bug,run_id,selected,integrity_ok,confirmed,evidence
native,evosuite,Chart,11,Chart-11-Round1-s101-5ac0fea3f24b,True,True,False,MOSA_EvoSuite/Result_Round1/Chart/11/Chart-11-Round1-s101-5ac0fea3f24b/result.json
native,evosuite,Chart,14,Chart-14-Round1-s101-14008075f06e,True,True,False,MOSA_EvoSuite/Result_Round1/Chart/14/Chart-14-Round1-s101-14008075f06e/result.json
native,evosuite,Chart,14,Chart-14-Round1-s101-6ceb6c32ac34,True,True,False,MOSA_EvoSuite/Result_Round1/Chart/14/Chart-14-Round1-s101-6ceb6c32ac34/result.json
native,evosuite,Chart,15,Chart-15-Round1-s101-8b9310f5df21-attempt2,False,True,False,MOSA_EvoSuite/Result_Round1/Chart/15/Chart-15-Round1-s101-8b9310f5df21-attempt2/result.json
native,evosuite,Chart,16,Chart-16-Round1-s101-2a0a5c9086e3,True,True,False,MOSA_EvoSuite/Result_Round1/Chart/16/Chart-16-Round1-s101-2a0a5c9086e3/result.json
native,evosuite,Chart,18,Chart-18-Round1-s101-1f7f90463c0b,True,True,False,MOSA_EvoSuite/Result_Round1/Chart/18/Chart-18-Round1-s101-1f7f90463c0b/result.json
native,evosuite,Chart,19,Chart-19-Round1-s101-d7b22e579a15,True,True,False,MOSA_EvoSuite/Result_Round1/Chart/19/Chart-19-Round1-s101-d7b22e579a15/result.json
native,evosuite,Chart,23,Chart-23-Round1-s101-45defacdbedb,True,True,False,MOSA_EvoSuite/Result_Round1/Chart/23/Chart-23-Round1-s101-45defacdbedb/result.json
native,evosuite,Cli,14,Cli-14-Round1-s101-871b8216ba06,True,True,False,MOSA_EvoSuite/Result_Round1/Cli/14/Cli-14-Round1-s101-871b8216ba06/result.json
native,evosuite,Cli,15,Cli-15-Round1-s101-29587ccf8b7d-attempt2,False,True,False,MOSA_EvoSuite/Result_Round1/Cli/15/Cli-15-Round1-s101-29587ccf8b7d-attempt2/result.json
native,evosuite,Cli,18,Cli-18-Round1-s101-b18ec1c939ad,True,True,False,MOSA_EvoSuite/Result_Round1/Cli/18/Cli-18-Round1-s101-b18ec1c939ad/result.json
native,evosuite,Cli,20,Cli-20-Round1-s101-ceda9c56dea8,True,True,False,MOSA_EvoSuite/Result_Round1/Cli/20/Cli-20-Round1-s101-ceda9c56dea8/result.json
native,evosuite,Cli,22,Cli-22-Round1-s101-9f45348254b8-attempt2,False,True,False,MOSA_EvoSuite/Result_Round1/Cli/22/Cli-22-Round1-s101-9f45348254b8-attempt2/result.json
native,evosuite,Cli,23,Cli-23-Round1-s101-2e154d534f23,True,True,False,MOSA_EvoSuite/Result_Round1/Cli/23/Cli-23-Round1-s101-2e154d534f23/result.json
native,evosuite,Cli,24,Cli-24-Round1-s101-72317e869f66,True,True,False,MOSA_EvoSuite/Result_Round1/Cli/24/Cli-24-Round1-s101-72317e869f66/result.json
native,evosuite,Cli,25,Cli-25-Round1-s101-4a6366685468,True,True,False,MOSA_EvoSuite/Result_Round1/Cli/25/Cli-25-Round1-s101-4a6366685468/result.json
native,evosuite,Cli,29,Cli-29-Round1-s101-7f5753db83e6,True,True,False,MOSA_EvoSuite/Result_Round1/Cli/29/Cli-29-Round1-s101-7f5753db83e6/result.json
native,evosuite,Cli,31,Cli-31-Round1-s101-b6214e68c09b,True,True,False,MOSA_EvoSuite/Result_Round1/Cli/31/Cli-31-Round1-s101-b6214e68c09b/result.json
native,evosuite,Cli,31,Cli-31-Round1-s101-be5d424f1c4d,True,True,False,MOSA_EvoSuite/Result_Round1/Cli/31/Cli-31-Round1-s101-be5d424f1c4d/result.json
native,evosuite,Cli,32,Cli-32-Round1-s101-8dd2d2da77b5,True,True,False,MOSA_EvoSuite/Result_Round1/Cli/32/Cli-32-Round1-s101-8dd2d2da77b5/result.json
native,evosuite,Cli,39,Cli-39-Round1-s101-9174cf0135ee,True,True,False,MOSA_EvoSuite/Result_Round1/Cli/39/Cli-39-Round1-s101-9174cf0135ee/result.json
native,evosuite,Cli,40,Cli-40-Round1-s101-a0fd24b2363c,True,True,False,MOSA_EvoSuite/Result_Round1/Cli/40/Cli-40-Round1-s101-a0fd24b2363c/result.json
native,evosuite,Cli,5,Cli-5-Round1-s101-677fd2859694,True,True,False,MOSA_EvoSuite/Result_Round1/Cli/5/Cli-5-Round1-s101-677fd2859694/result.json
native,evosuite,Cli,8,Cli-8-Round1-s101-3a06b6975549,True,True,False,MOSA_EvoSuite/Result_Round1/Cli/8/Cli-8-Round1-s101-3a06b6975549/result.json
native,evosuite,Closure,100,Closure-100-Round1-s101-8e75371def11,True,True,False,MOSA_EvoSuite/Result_Round1/Closure/100/Closure-100-Round1-s101-8e75371def11/result.json
native,evosuite,Closure,104,Closure-104-Round1-s101-c8896b211d80,True,True,False,MOSA_EvoSuite/Result_Round1/Closure/104/Closure-104-Round1-s101-c8896b211d80/result.json
native,evosuite,Closure,131,Closure-131-Round1-s101-9639d5a4e59f,True,True,False,MOSA_EvoSuite/Result_Round1/Closure/131/Closure-131-Round1-s101-9639d5a4e59f/result.json
native,evosuite,Closure,135,Closure-135-Round1-s101-abac88255c47,True,True,False,MOSA_EvoSuite/Result_Round1/Closure/135/Closure-135-Round1-s101-abac88255c47/result.json
native,evosuite,Closure,137,Closure-137-Round1-s101-e4c92e4a8ef8,True,True,False,MOSA_EvoSuite/Result_Round1/Closure/137/Closure-137-Round1-s101-e4c92e4a8ef8/result.json
native,evosuite,Closure,141,Closure-141-Round1-s101-7093e4a051cd,True,True,False,MOSA_EvoSuite/Result_Round1/Closure/141/Closure-141-Round1-s101-7093e4a051cd/result.json
native,evosuite,Closure,164,Closure-164-Round1-s101-5c19a0630682,True,True,False,MOSA_EvoSuite/Result_Round1/Closure/164/Closure-164-Round1-s101-5c19a0630682/result.json
native,evosuite,Closure,169,Closure-169-Round1-s101-9c13f2e737aa,True,True,False,MOSA_EvoSuite/Result_Round1/Closure/169/Closure-169-Round1-s101-9c13f2e737aa/result.json
native,evosuite,Closure,169,Closure-169-Round1-s101-a82125b14877,True,True,False,MOSA_EvoSuite/Result_Round1/Closure/169/Closure-169-Round1-s101-a82125b14877/result.json
native,evosuite,Closure,173,Closure-173-Round1-s101-973b3fde6a8e,True,True,False,MOSA_EvoSuite/Result_Round1/Closure/173/Closure-173-Round1-s101-973b3fde6a8e/result.json
native,evosuite,Closure,174,Closure-174-Round1-s101-6aacd7a2d55a,True,True,False,MOSA_EvoSuite/Result_Round1/Closure/174/Closure-174-Round1-s101-6aacd7a2d55a/result.json
native,evosuite,Closure,19,Closure-19-Round1-s101-92ee634ba441,True,True,False,MOSA_EvoSuite/Result_Round1/Closure/19/Closure-19-Round1-s101-92ee634ba441/result.json
native,evosuite,Closure,22,Closure-22-Round1-s101-646c311a219f,True,True,False,MOSA_EvoSuite/Result_Round1/Closure/22/Closure-22-Round1-s101-646c311a219f/result.json
native,evosuite,Closure,27,Closure-27-Round1-s101-30bb58504ee3,True,True,False,MOSA_EvoSuite/Result_Round1/Closure/27/Closure-27-Round1-s101-30bb58504ee3/result.json
native,evosuite,Closure,28,Closure-28-Round1-s101-2031d1effd97,True,True,False,MOSA_EvoSuite/Result_Round1/Closure/28/Closure-28-Round1-s101-2031d1effd97/result.json
native,evosuite,Closure,39,Closure-39-Round1-s101-675166413f1b,True,True,False,MOSA_EvoSuite/Result_Round1/Closure/39/Closure-39-Round1-s101-675166413f1b/result.json
native,evosuite,Closure,49,Closure-49-Round1-s101-a44c7d9478d4,True,True,False,MOSA_EvoSuite/Result_Round1/Closure/49/Closure-49-Round1-s101-a44c7d9478d4/result.json
native,evosuite,Closure,56,Closure-56-Round1-s101-1e203b60cc2f,True,True,False,MOSA_EvoSuite/Result_Round1/Closure/56/Closure-56-Round1-s101-1e203b60cc2f/result.json
native,evosuite,Closure,91,Closure-91-Round1-s101-e3dcbfecae87,True,True,False,MOSA_EvoSuite/Result_Round1/Closure/91/Closure-91-Round1-s101-e3dcbfecae87/result.json
native,evosuite,Codec,11,Codec-11-Round1-s101-f6c24374ecfb,True,True,False,MOSA_EvoSuite/Result_Round1/Codec/11/Codec-11-Round1-s101-f6c24374ecfb/result.json
native,evosuite,Codec,12,Codec-12-Round1-s101-9eb1c17cfa38,True,True,False,MOSA_EvoSuite/Result_Round1/Codec/12/Codec-12-Round1-s101-9eb1c17cfa38/result.json
native,evosuite,Codec,13,Codec-13-Round1-s101-b700ae6942e6,True,True,False,MOSA_EvoSuite/Result_Round1/Codec/13/Codec-13-Round1-s101-b700ae6942e6/result.json
native,evosuite,Codec,15,Codec-15-Round1-s101-a1956bf409bb,True,True,False,MOSA_EvoSuite/Result_Round1/Codec/15/Codec-15-Round1-s101-a1956bf409bb/result.json
native,evosuite,Codec,18,Codec-18-Round1-s101-779d0dfdee86,True,True,False,MOSA_EvoSuite/Result_Round1/Codec/18/Codec-18-Round1-s101-779d0dfdee86/result.json
native,evosuite,Codec,7,Codec-7-Round1-s101-b745adf177de,True,True,False,MOSA_EvoSuite/Result_Round1/Codec/7/Codec-7-Round1-s101-b745adf177de/result.json
native,evosuite,Collections,13,Collections-13-Round1-s101-58fb416e06ad-attempt2,False,True,False,MOSA_EvoSuite/Result_Round1/Collections/13/Collections-13-Round1-s101-58fb416e06ad-attempt2/result.json
native,evosuite,Collections,15,Collections-15-Round1-s101-9c10fac70e2e,True,True,False,MOSA_EvoSuite/Result_Round1/Collections/15/Collections-15-Round1-s101-9c10fac70e2e/result.json
native,evosuite,Collections,17,Collections-17-Round1-s101-966c093003b3,True,True,False,MOSA_EvoSuite/Result_Round1/Collections/17/Collections-17-Round1-s101-966c093003b3/result.json
native,evosuite,Collections,24,Collections-24-Round1-s101-adec646f04fd,True,True,False,MOSA_EvoSuite/Result_Round1/Collections/24/Collections-24-Round1-s101-adec646f04fd/result.json
native,evosuite,Collections,4,Collections-4-Round1-s101-f084d3adef96,True,True,False,MOSA_EvoSuite/Result_Round1/Collections/4/Collections-4-Round1-s101-f084d3adef96/result.json
native,evosuite,Compress,1,Compress-1-Round1-s101-cd6b77863875,True,True,False,MOSA_EvoSuite/Result_Round1/Compress/1/Compress-1-Round1-s101-cd6b77863875/result.json
native,evosuite,Compress,1,Compress-1-Round1-s101-efc2c620f051,True,True,False,MOSA_EvoSuite/Result_Round1/Compress/1/Compress-1-Round1-s101-efc2c620f051/result.json
native,evosuite,Compress,1,Compress-1-Round1-s202-6fe6af0528e8,True,True,False,MOSA_EvoSuite/Result_Round1/Compress/1/Compress-1-Round1-s202-6fe6af0528e8/result.json
native,evosuite,Compress,1,Compress-1-Round1-s303-e0b851c96085,True,True,False,MOSA_EvoSuite/Result_Round1/Compress/1/Compress-1-Round1-s303-e0b851c96085/result.json
native,evosuite,Compress,14,Compress-14-Round1-s101-3b04b72cca79,True,True,False,MOSA_EvoSuite/Result_Round1/Compress/14/Compress-14-Round1-s101-3b04b72cca79/result.json
native,evosuite,Compress,17,Compress-17-Round1-s101-061695e30fd9,True,True,False,MOSA_EvoSuite/Result_Round1/Compress/17/Compress-17-Round1-s101-061695e30fd9/result.json
native,evosuite,Compress,19,Compress-19-Round1-s101-3742525b27ee,True,True,False,MOSA_EvoSuite/Result_Round1/Compress/19/Compress-19-Round1-s101-3742525b27ee/result.json
native,evosuite,Compress,21,Compress-21-Round1-s101-33bde0119ea6,True,True,False,MOSA_EvoSuite/Result_Round1/Compress/21/Compress-21-Round1-s101-33bde0119ea6/result.json
native,evosuite,Compress,3,Compress-3-Round1-s101-e2f459c052b8,True,True,False,MOSA_EvoSuite/Result_Round1/Compress/3/Compress-3-Round1-s101-e2f459c052b8/result.json
native,evosuite,Compress,34,Compress-34-Round1-s101-21e641ae3f56,True,True,False,MOSA_EvoSuite/Result_Round1/Compress/34/Compress-34-Round1-s101-21e641ae3f56/result.json
native,evosuite,Compress,4,Compress-4-Round1-s101-240a377c9c56,True,True,False,MOSA_EvoSuite/Result_Round1/Compress/4/Compress-4-Round1-s101-240a377c9c56/result.json
native,evosuite,Compress,4,Compress-4-Round1-s101-b8c986972f54,True,True,False,MOSA_EvoSuite/Result_Round1/Compress/4/Compress-4-Round1-s101-b8c986972f54/result.json
native,evosuite,Compress,42,Compress-42-Round1-s101-fe501dad9211,True,True,False,MOSA_EvoSuite/Result_Round1/Compress/42/Compress-42-Round1-s101-fe501dad9211/result.json
native,evosuite,Compress,45,Compress-45-Round1-s101-7d1a4c2a9c07,True,True,False,MOSA_EvoSuite/Result_Round1/Compress/45/Compress-45-Round1-s101-7d1a4c2a9c07/result.json
native,evosuite,Compress,46,Compress-46-Round1-s101-56902f7507c7,True,True,False,MOSA_EvoSuite/Result_Round1/Compress/46/Compress-46-Round1-s101-56902f7507c7/result.json
native,evosuite,Compress,6,Compress-6-Round1-s101-4a3f57752662,True,True,False,MOSA_EvoSuite/Result_Round1/Compress/6/Compress-6-Round1-s101-4a3f57752662/result.json
native,evosuite,Compress,8,Compress-8-Round1-s101-be971e6c1a6e,True,True,False,MOSA_EvoSuite/Result_Round1/Compress/8/Compress-8-Round1-s101-be971e6c1a6e/result.json
native,evosuite,Compress,9,Compress-9-Round1-s101-40919fa4cc36,True,True,False,MOSA_EvoSuite/Result_Round1/Compress/9/Compress-9-Round1-s101-40919fa4cc36/result.json
native,evosuite,Csv,10,Csv-10-Round1-s101-62209d76cf11,True,True,False,MOSA_EvoSuite/Result_Round1/Csv/10/Csv-10-Round1-s101-62209d76cf11/result.json
native,evosuite,Csv,11,Csv-11-Round1-s101-cc4c0112832d-attempt2,True,True,False,MOSA_EvoSuite/Result_Round1/Csv/11/Csv-11-Round1-s101-cc4c0112832d-attempt2/result.json
native,evosuite,Csv,12,Csv-12-Round1-s101-ee8a782969ee-attempt2,True,True,False,MOSA_EvoSuite/Result_Round1/Csv/12/Csv-12-Round1-s101-ee8a782969ee-attempt2/result.json
native,evosuite,Csv,13,Csv-13-Round1-s101-3e26aae0e9f9,True,True,False,MOSA_EvoSuite/Result_Round1/Csv/13/Csv-13-Round1-s101-3e26aae0e9f9/result.json
native,evosuite,Csv,13,Csv-13-Round1-s101-ee98fd45dffc,True,True,False,MOSA_EvoSuite/Result_Round1/Csv/13/Csv-13-Round1-s101-ee98fd45dffc/result.json
native,evosuite,Csv,3,Csv-3-Round1-s101-0f88d89a05f4,True,True,False,MOSA_EvoSuite/Result_Round1/Csv/3/Csv-3-Round1-s101-0f88d89a05f4/result.json
native,evosuite,Csv,4,Csv-4-Round1-s101-a0a7715c9884,True,True,False,MOSA_EvoSuite/Result_Round1/Csv/4/Csv-4-Round1-s101-a0a7715c9884/result.json
native,evosuite,Csv,5,Csv-5-Round1-s101-5d638781ecc9,True,True,False,MOSA_EvoSuite/Result_Round1/Csv/5/Csv-5-Round1-s101-5d638781ecc9/result.json
native,evosuite,Csv,6,Csv-6-Round1-s101-89744fc7aea8,True,True,False,MOSA_EvoSuite/Result_Round1/Csv/6/Csv-6-Round1-s101-89744fc7aea8/result.json
native,evosuite,Csv,8,Csv-8-Round1-s101-1ffd6d3c4d8a,True,True,False,MOSA_EvoSuite/Result_Round1/Csv/8/Csv-8-Round1-s101-1ffd6d3c4d8a/result.json
native,evosuite,Csv,9,Csv-9-Round1-s101-e56992fdc38f,True,True,False,MOSA_EvoSuite/Result_Round1/Csv/9/Csv-9-Round1-s101-e56992fdc38f/result.json
native,evosuite,Gson,12,Gson-12-Round1-s101-5fd95ca556ec,True,True,False,MOSA_EvoSuite/Result_Round1/Gson/12/Gson-12-Round1-s101-5fd95ca556ec/result.json
native,evosuite,Gson,4,Gson-4-Round1-s101-05db0edcd09b,True,True,False,MOSA_EvoSuite/Result_Round1/Gson/4/Gson-4-Round1-s101-05db0edcd09b/result.json
native,evosuite,Gson,4,Gson-4-Round1-s101-a579b879b23c,True,True,False,MOSA_EvoSuite/Result_Round1/Gson/4/Gson-4-Round1-s101-a579b879b23c/result.json
native,evosuite,Gson,7,Gson-7-Round1-s101-c9c9c9c2fe43,True,True,False,MOSA_EvoSuite/Result_Round1/Gson/7/Gson-7-Round1-s101-c9c9c9c2fe43/result.json
native,evosuite,Gson,8,Gson-8-Round1-s101-b54ed13f68c8,True,True,False,MOSA_EvoSuite/Result_Round1/Gson/8/Gson-8-Round1-s101-b54ed13f68c8/result.json
native,evosuite,Gson,9,Gson-9-Round1-s101-09c5b6f4e275,True,True,False,MOSA_EvoSuite/Result_Round1/Gson/9/Gson-9-Round1-s101-09c5b6f4e275/result.json
native,evosuite,Gson,9,Gson-9-Round1-s101-bc30e5bea6fa,True,True,False,MOSA_EvoSuite/Result_Round1/Gson/9/Gson-9-Round1-s101-bc30e5bea6fa/result.json
native,evosuite,JacksonCore,1,JacksonCore-1-Round1-s101-1a131b504d1e,True,True,False,MOSA_EvoSuite/Result_Round1/JacksonCore/1/JacksonCore-1-Round1-s101-1a131b504d1e/result.json
native,evosuite,JacksonCore,1,JacksonCore-1-Round1-s101-c86196bc2564,True,True,False,MOSA_EvoSuite/Result_Round1/JacksonCore/1/JacksonCore-1-Round1-s101-c86196bc2564/result.json
native,evosuite,JacksonCore,1,JacksonCore-1-Round1-s101-dbd953c40aca,True,True,False,MOSA_EvoSuite/Result_Round1/JacksonCore/1/JacksonCore-1-Round1-s101-dbd953c40aca/result.json
native,evosuite,JacksonCore,1,JacksonCore-1-Round1-s101-f97ae3d68c3c,True,True,False,MOSA_EvoSuite/Result_Round1/JacksonCore/1/JacksonCore-1-Round1-s101-f97ae3d68c3c/result.json
native,evosuite,JacksonCore,1,JacksonCore-1-Round1-s202-26e65b8fa2f6,True,True,False,MOSA_EvoSuite/Result_Round1/JacksonCore/1/JacksonCore-1-Round1-s202-26e65b8fa2f6/result.json
native,evosuite,JacksonCore,1,JacksonCore-1-Round1-s202-f393bdfc87de,True,True,False,MOSA_EvoSuite/Result_Round1/JacksonCore/1/JacksonCore-1-Round1-s202-f393bdfc87de/result.json
native,evosuite,JacksonCore,1,JacksonCore-1-Round1-s303-6da9f71fbb5a,True,True,False,MOSA_EvoSuite/Result_Round1/JacksonCore/1/JacksonCore-1-Round1-s303-6da9f71fbb5a/result.json
native,evosuite,JacksonCore,1,JacksonCore-1-Round1-s303-bd9618246023,True,True,False,MOSA_EvoSuite/Result_Round1/JacksonCore/1/JacksonCore-1-Round1-s303-bd9618246023/result.json
native,evosuite,JacksonCore,11,JacksonCore-11-Round1-s101-60f0029ded86,True,True,False,MOSA_EvoSuite/Result_Round1/JacksonCore/11/JacksonCore-11-Round1-s101-60f0029ded86/result.json
native,evosuite,JacksonCore,14,JacksonCore-14-Round1-s101-bd6cba4df509,True,True,False,MOSA_EvoSuite/Result_Round1/JacksonCore/14/JacksonCore-14-Round1-s101-bd6cba4df509/result.json
native,evosuite,JacksonCore,15,JacksonCore-15-Round1-s101-dc404110ea31,True,True,False,MOSA_EvoSuite/Result_Round1/JacksonCore/15/JacksonCore-15-Round1-s101-dc404110ea31/result.json
native,evosuite,JacksonCore,2,JacksonCore-2-Round1-s101-9b96f5dc1cce,True,True,False,MOSA_EvoSuite/Result_Round1/JacksonCore/2/JacksonCore-2-Round1-s101-9b96f5dc1cce/result.json
native,evosuite,JacksonCore,20,JacksonCore-20-Round1-s101-2d2cd07ab3a1,True,True,False,MOSA_EvoSuite/Result_Round1/JacksonCore/20/JacksonCore-20-Round1-s101-2d2cd07ab3a1/result.json
native,evosuite,JacksonCore,26,JacksonCore-26-Round1-s101-e290dbb76ebf,True,True,False,MOSA_EvoSuite/Result_Round1/JacksonCore/26/JacksonCore-26-Round1-s101-e290dbb76ebf/result.json
native,evosuite,JacksonCore,4,JacksonCore-4-Round1-s101-d6f0cfb0d97d,True,True,False,MOSA_EvoSuite/Result_Round1/JacksonCore/4/JacksonCore-4-Round1-s101-d6f0cfb0d97d/result.json
native,evosuite,JacksonCore,5,JacksonCore-5-Round1-s101-3611c0f18e41,True,True,False,MOSA_EvoSuite/Result_Round1/JacksonCore/5/JacksonCore-5-Round1-s101-3611c0f18e41/result.json
native,evosuite,JacksonCore,7,JacksonCore-7-Round1-s101-94bc32603442,True,True,False,MOSA_EvoSuite/Result_Round1/JacksonCore/7/JacksonCore-7-Round1-s101-94bc32603442/result.json
native,evosuite,JacksonCore,8,JacksonCore-8-Round1-s101-15b07cc61fde-attempt2,False,True,False,MOSA_EvoSuite/Result_Round1/JacksonCore/8/JacksonCore-8-Round1-s101-15b07cc61fde-attempt2/result.json
native,evosuite,JacksonDatabind,103,JacksonDatabind-103-Round1-s101-41fb28c66ae3,True,True,False,MOSA_EvoSuite/Result_Round1/JacksonDatabind/103/JacksonDatabind-103-Round1-s101-41fb28c66ae3/result.json
native,evosuite,JacksonDatabind,105,JacksonDatabind-105-Round1-s101-114b2e794961,True,True,False,MOSA_EvoSuite/Result_Round1/JacksonDatabind/105/JacksonDatabind-105-Round1-s101-114b2e794961/result.json
native,evosuite,JacksonDatabind,106,JacksonDatabind-106-Round1-s101-5473d0209a6d,True,True,False,MOSA_EvoSuite/Result_Round1/JacksonDatabind/106/JacksonDatabind-106-Round1-s101-5473d0209a6d/result.json
native,evosuite,JacksonDatabind,12,JacksonDatabind-12-Round1-s101-a9ab7e8c2264,True,True,False,MOSA_EvoSuite/Result_Round1/JacksonDatabind/12/JacksonDatabind-12-Round1-s101-a9ab7e8c2264/result.json
native,evosuite,JacksonDatabind,13,JacksonDatabind-13-Round1-s101-5f9d418374be,True,True,False,MOSA_EvoSuite/Result_Round1/JacksonDatabind/13/JacksonDatabind-13-Round1-s101-5f9d418374be/result.json
native,evosuite,JacksonDatabind,23,JacksonDatabind-23-Round1-s101-720199669863,True,True,False,MOSA_EvoSuite/Result_Round1/JacksonDatabind/23/JacksonDatabind-23-Round1-s101-720199669863/result.json
native,evosuite,JacksonDatabind,36,JacksonDatabind-36-Round1-s101-31a254fa34cb,True,True,False,MOSA_EvoSuite/Result_Round1/JacksonDatabind/36/JacksonDatabind-36-Round1-s101-31a254fa34cb/result.json
native,evosuite,JacksonDatabind,38,JacksonDatabind-38-Round1-s101-01ba3750d6d9,True,True,False,MOSA_EvoSuite/Result_Round1/JacksonDatabind/38/JacksonDatabind-38-Round1-s101-01ba3750d6d9/result.json
native,evosuite,JacksonDatabind,38,JacksonDatabind-38-Round1-s101-e4287c6e0677,True,True,False,MOSA_EvoSuite/Result_Round1/JacksonDatabind/38/JacksonDatabind-38-Round1-s101-e4287c6e0677/result.json
native,evosuite,JacksonDatabind,41,JacksonDatabind-41-Round1-s101-b8fbcea92490,True,True,False,MOSA_EvoSuite/Result_Round1/JacksonDatabind/41/JacksonDatabind-41-Round1-s101-b8fbcea92490/result.json
native,evosuite,JacksonDatabind,46,JacksonDatabind-46-Round1-s101-53a7aa380d26,True,True,False,MOSA_EvoSuite/Result_Round1/JacksonDatabind/46/JacksonDatabind-46-Round1-s101-53a7aa380d26/result.json
native,evosuite,JacksonDatabind,72,JacksonDatabind-72-Round1-s101-ff32427f31cb,True,True,False,MOSA_EvoSuite/Result_Round1/JacksonDatabind/72/JacksonDatabind-72-Round1-s101-ff32427f31cb/result.json
native,evosuite,JacksonDatabind,90,JacksonDatabind-90-Round1-s101-bc723ee4aab2,True,True,False,MOSA_EvoSuite/Result_Round1/JacksonDatabind/90/JacksonDatabind-90-Round1-s101-bc723ee4aab2/result.json
native,evosuite,JacksonDatabind,97,JacksonDatabind-97-Round1-s101-abe4c3f439c8,True,True,False,MOSA_EvoSuite/Result_Round1/JacksonDatabind/97/JacksonDatabind-97-Round1-s101-abe4c3f439c8/result.json
native,evosuite,JacksonDatabind,99,JacksonDatabind-99-Round1-s101-bcd5b0ae809b,True,True,False,MOSA_EvoSuite/Result_Round1/JacksonDatabind/99/JacksonDatabind-99-Round1-s101-bcd5b0ae809b/result.json
native,evosuite,JacksonXml,4,JacksonXml-4-Round1-s101-195f9fe1b922,True,True,False,MOSA_EvoSuite/Result_Round1/JacksonXml/4/JacksonXml-4-Round1-s101-195f9fe1b922/result.json
native,evosuite,JacksonXml,6,JacksonXml-6-Round1-s101-18e595f5d2ed,True,True,False,MOSA_EvoSuite/Result_Round1/JacksonXml/6/JacksonXml-6-Round1-s101-18e595f5d2ed/result.json
native,evosuite,Jsoup,14,Jsoup-14-Round1-s101-c9141b87ba80,True,True,False,MOSA_EvoSuite/Result_Round1/Jsoup/14/Jsoup-14-Round1-s101-c9141b87ba80/result.json
native,evosuite,Jsoup,16,Jsoup-16-Round1-s101-611652fcabcf,True,True,False,MOSA_EvoSuite/Result_Round1/Jsoup/16/Jsoup-16-Round1-s101-611652fcabcf/result.json
native,evosuite,Jsoup,18,Jsoup-18-Round1-s101-e6bde917798e,True,True,False,MOSA_EvoSuite/Result_Round1/Jsoup/18/Jsoup-18-Round1-s101-e6bde917798e/result.json
native,evosuite,Jsoup,19,Jsoup-19-Round1-s101-c147c42d3c1d,True,True,False,MOSA_EvoSuite/Result_Round1/Jsoup/19/Jsoup-19-Round1-s101-c147c42d3c1d/result.json
native,evosuite,Jsoup,20,Jsoup-20-Round1-s101-e0642e34f3fb,True,True,False,MOSA_EvoSuite/Result_Round1/Jsoup/20/Jsoup-20-Round1-s101-e0642e34f3fb/result.json
native,evosuite,Jsoup,26,Jsoup-26-Round1-s101-181f6d3bf186,True,True,False,MOSA_EvoSuite/Result_Round1/Jsoup/26/Jsoup-26-Round1-s101-181f6d3bf186/result.json
native,evosuite,Jsoup,36,Jsoup-36-Round1-s101-f7e02e773b26,True,True,False,MOSA_EvoSuite/Result_Round1/Jsoup/36/Jsoup-36-Round1-s101-f7e02e773b26/result.json
native,evosuite,Jsoup,40,Jsoup-40-Round1-s101-7c886bc264ae,True,True,False,MOSA_EvoSuite/Result_Round1/Jsoup/40/Jsoup-40-Round1-s101-7c886bc264ae/result.json
native,evosuite,Jsoup,47,Jsoup-47-Round1-s101-75e1afa370e8,True,True,False,MOSA_EvoSuite/Result_Round1/Jsoup/47/Jsoup-47-Round1-s101-75e1afa370e8/result.json
native,evosuite,Jsoup,5,Jsoup-5-Round1-s101-adc131953e00,True,True,False,MOSA_EvoSuite/Result_Round1/Jsoup/5/Jsoup-5-Round1-s101-adc131953e00/result.json
native,evosuite,Jsoup,53,Jsoup-53-Round1-s101-3bd9c4fc3c3b,True,True,False,MOSA_EvoSuite/Result_Round1/Jsoup/53/Jsoup-53-Round1-s101-3bd9c4fc3c3b/result.json
native,evosuite,Jsoup,59,Jsoup-59-Round1-s101-0cafec0c47f7,True,True,False,MOSA_EvoSuite/Result_Round1/Jsoup/59/Jsoup-59-Round1-s101-0cafec0c47f7/result.json
native,evosuite,Jsoup,60,Jsoup-60-Round1-s101-702472cbbf69,True,True,False,MOSA_EvoSuite/Result_Round1/Jsoup/60/Jsoup-60-Round1-s101-702472cbbf69/result.json
native,evosuite,Jsoup,60,Jsoup-60-Round1-s101-d0178a77eabf,True,True,False,MOSA_EvoSuite/Result_Round1/Jsoup/60/Jsoup-60-Round1-s101-d0178a77eabf/result.json
native,evosuite,Jsoup,71,Jsoup-71-Round1-s101-e0b016c95e0f,True,True,False,MOSA_EvoSuite/Result_Round1/Jsoup/71/Jsoup-71-Round1-s101-e0b016c95e0f/result.json
native,evosuite,Jsoup,79,Jsoup-79-Round1-s101-c62680a596b1,True,True,False,MOSA_EvoSuite/Result_Round1/Jsoup/79/Jsoup-79-Round1-s101-c62680a596b1/result.json
native,evosuite,Jsoup,83,Jsoup-83-Round1-s101-b37096e6da40,True,True,False,MOSA_EvoSuite/Result_Round1/Jsoup/83/Jsoup-83-Round1-s101-b37096e6da40/result.json
native,evosuite,Jsoup,87,Jsoup-87-Round1-s101-6384684db983,True,True,False,MOSA_EvoSuite/Result_Round1/Jsoup/87/Jsoup-87-Round1-s101-6384684db983/result.json
native,evosuite,Jsoup,88,Jsoup-88-Round1-s101-f069682435f1,True,True,False,MOSA_EvoSuite/Result_Round1/Jsoup/88/Jsoup-88-Round1-s101-f069682435f1/result.json
native,evosuite,Jsoup,89,Jsoup-89-Round1-s101-62b69ef2d83f,True,True,False,MOSA_EvoSuite/Result_Round1/Jsoup/89/Jsoup-89-Round1-s101-62b69ef2d83f/result.json
native,evosuite,JxPath,1,JxPath-1-Round1-s101-7cb7d9fa3df4,True,True,False,MOSA_EvoSuite/Result_Round1/JxPath/1/JxPath-1-Round1-s101-7cb7d9fa3df4/result.json
native,evosuite,JxPath,1,JxPath-1-Round1-s101-9e221031ac76,True,True,False,MOSA_EvoSuite/Result_Round1/JxPath/1/JxPath-1-Round1-s101-9e221031ac76/result.json
native,evosuite,JxPath,1,JxPath-1-Round1-s202-72f836b84094,True,True,False,MOSA_EvoSuite/Result_Round1/JxPath/1/JxPath-1-Round1-s202-72f836b84094/result.json
native,evosuite,JxPath,1,JxPath-1-Round1-s303-fa714792266b,True,True,False,MOSA_EvoSuite/Result_Round1/JxPath/1/JxPath-1-Round1-s303-fa714792266b/result.json
native,evosuite,JxPath,14,JxPath-14-Round1-s101-3f71398d828c,True,True,False,MOSA_EvoSuite/Result_Round1/JxPath/14/JxPath-14-Round1-s101-3f71398d828c/result.json
native,evosuite,JxPath,16,JxPath-16-Round1-s101-4d99e85138c6,True,True,False,MOSA_EvoSuite/Result_Round1/JxPath/16/JxPath-16-Round1-s101-4d99e85138c6/result.json
native,evosuite,JxPath,18,JxPath-18-Round1-s101-49899b482e8b,True,True,False,MOSA_EvoSuite/Result_Round1/JxPath/18/JxPath-18-Round1-s101-49899b482e8b/result.json
native,evosuite,JxPath,3,JxPath-3-Round1-s101-8985bd50d37f,True,True,False,MOSA_EvoSuite/Result_Round1/JxPath/3/JxPath-3-Round1-s101-8985bd50d37f/result.json
native,evosuite,JxPath,5,JxPath-5-Round1-s101-211c8d9478d3,True,True,False,MOSA_EvoSuite/Result_Round1/JxPath/5/JxPath-5-Round1-s101-211c8d9478d3/result.json
native,evosuite,JxPath,6,JxPath-6-Round1-s101-134dbc54e39f,True,True,False,MOSA_EvoSuite/Result_Round1/JxPath/6/JxPath-6-Round1-s101-134dbc54e39f/result.json
native,evosuite,JxPath,7,JxPath-7-Round1-s101-bff8b0ee95bf,True,True,False,MOSA_EvoSuite/Result_Round1/JxPath/7/JxPath-7-Round1-s101-bff8b0ee95bf/result.json
native,evosuite,JxPath,9,JxPath-9-Round1-s101-17635911b41e,True,True,False,MOSA_EvoSuite/Result_Round1/JxPath/9/JxPath-9-Round1-s101-17635911b41e/result.json
native,evosuite,Lang,11,Lang-11-Round1-s101-8a84700a0298,True,True,False,MOSA_EvoSuite/Result_Round1/Lang/11/Lang-11-Round1-s101-8a84700a0298/result.json
native,evosuite,Lang,12,Lang-12-Round1-s101-a2dd63a2582a,True,True,False,MOSA_EvoSuite/Result_Round1/Lang/12/Lang-12-Round1-s101-a2dd63a2582a/result.json
native,evosuite,Lang,14,Lang-14-Round1-s101-90a625ac6e72,True,True,False,MOSA_EvoSuite/Result_Round1/Lang/14/Lang-14-Round1-s101-90a625ac6e72/result.json
native,evosuite,Lang,16,Lang-16-Round1-s101-f2a496bbb816,True,True,False,MOSA_EvoSuite/Result_Round1/Lang/16/Lang-16-Round1-s101-f2a496bbb816/result.json
native,evosuite,Lang,19,Lang-19-Round1-s101-bfa543d154d4,True,True,False,MOSA_EvoSuite/Result_Round1/Lang/19/Lang-19-Round1-s101-bfa543d154d4/result.json
native,evosuite,Lang,23,Lang-23-Round1-s101-18a601464360,True,True,False,MOSA_EvoSuite/Result_Round1/Lang/23/Lang-23-Round1-s101-18a601464360/result.json
native,evosuite,Lang,27,Lang-27-Round1-s101-7f5260a7933b,True,True,False,MOSA_EvoSuite/Result_Round1/Lang/27/Lang-27-Round1-s101-7f5260a7933b/result.json
native,evosuite,Lang,33,Lang-33-Round1-s101-0d3148f636d3,True,True,False,MOSA_EvoSuite/Result_Round1/Lang/33/Lang-33-Round1-s101-0d3148f636d3/result.json
native,evosuite,Lang,35,Lang-35-Round1-s101-fce4fcca72b2,True,True,False,MOSA_EvoSuite/Result_Round1/Lang/35/Lang-35-Round1-s101-fce4fcca72b2/result.json
native,evosuite,Lang,36,Lang-36-Round1-s101-b83cb308e61d,True,True,False,MOSA_EvoSuite/Result_Round1/Lang/36/Lang-36-Round1-s101-b83cb308e61d/result.json
native,evosuite,Lang,41,Lang-41-Round1-s101-8c8e8a8b0b44,True,True,False,MOSA_EvoSuite/Result_Round1/Lang/41/Lang-41-Round1-s101-8c8e8a8b0b44/result.json
native,evosuite,Lang,45,Lang-45-Round1-s101-871757228284,True,True,False,MOSA_EvoSuite/Result_Round1/Lang/45/Lang-45-Round1-s101-871757228284/result.json
native,evosuite,Lang,46,Lang-46-Round1-s101-d5cc96c91264,True,True,False,MOSA_EvoSuite/Result_Round1/Lang/46/Lang-46-Round1-s101-d5cc96c91264/result.json
native,evosuite,Lang,47,Lang-47-Round1-s101-b452f5f65515,True,True,False,MOSA_EvoSuite/Result_Round1/Lang/47/Lang-47-Round1-s101-b452f5f65515/result.json
native,evosuite,Lang,49,Lang-49-Round1-s101-d2c57bbd2879,True,True,False,MOSA_EvoSuite/Result_Round1/Lang/49/Lang-49-Round1-s101-d2c57bbd2879/result.json
native,evosuite,Lang,52,Lang-52-Round1-s101-f2a64e3b375e,True,True,False,MOSA_EvoSuite/Result_Round1/Lang/52/Lang-52-Round1-s101-f2a64e3b375e/result.json
native,evosuite,Lang,58,Lang-58-Round1-s101-d317198d9f80,True,True,False,MOSA_EvoSuite/Result_Round1/Lang/58/Lang-58-Round1-s101-d317198d9f80/result.json
native,evosuite,Lang,7,Lang-7-Round1-s101-fdfcb53e681f,True,True,False,MOSA_EvoSuite/Result_Round1/Lang/7/Lang-7-Round1-s101-fdfcb53e681f/result.json
native,evosuite,Lang,9,Lang-9-Round1-s101-192af8b6a3f1,True,True,False,MOSA_EvoSuite/Result_Round1/Lang/9/Lang-9-Round1-s101-192af8b6a3f1/result.json
native,evosuite,Math,1,Math-1-Round1-s101-96d68d58caf4,True,True,False,MOSA_EvoSuite/Result_Round1/Math/1/Math-1-Round1-s101-96d68d58caf4/result.json
native,evosuite,Math,1,Math-1-Round1-s101-cf3335789789,True,True,False,MOSA_EvoSuite/Result_Round1/Math/1/Math-1-Round1-s101-cf3335789789/result.json
native,evosuite,Math,10,Math-10-Round1-s101-bcb0affdfafe,True,True,False,MOSA_EvoSuite/Result_Round1/Math/10/Math-10-Round1-s101-bcb0affdfafe/result.json
native,evosuite,Math,101,Math-101-Round1-s101-2489df904111,True,True,False,MOSA_EvoSuite/Result_Round1/Math/101/Math-101-Round1-s101-2489df904111/result.json
native,evosuite,Math,102,Math-102-Round1-s101-d9679527453c,True,True,False,MOSA_EvoSuite/Result_Round1/Math/102/Math-102-Round1-s101-d9679527453c/result.json
native,evosuite,Math,11,Math-11-Round1-s101-207f93acdec7,True,True,False,MOSA_EvoSuite/Result_Round1/Math/11/Math-11-Round1-s101-207f93acdec7/result.json
native,evosuite,Math,14,Math-14-Round1-s101-0fb960273d8e,True,True,False,MOSA_EvoSuite/Result_Round1/Math/14/Math-14-Round1-s101-0fb960273d8e/result.json
native,evosuite,Math,22,Math-22-Round1-s101-5ee2300a4707,True,True,False,MOSA_EvoSuite/Result_Round1/Math/22/Math-22-Round1-s101-5ee2300a4707/result.json
native,evosuite,Math,22,Math-22-Round1-s101-e0570a706010,True,True,False,MOSA_EvoSuite/Result_Round1/Math/22/Math-22-Round1-s101-e0570a706010/result.json
native,evosuite,Math,24,Math-24-Round1-s101-1708a0094e6b,True,True,False,MOSA_EvoSuite/Result_Round1/Math/24/Math-24-Round1-s101-1708a0094e6b/result.json
native,evosuite,Math,25,Math-25-Round1-s101-7d1cf19cbe1e,True,True,False,MOSA_EvoSuite/Result_Round1/Math/25/Math-25-Round1-s101-7d1cf19cbe1e/result.json
native,evosuite,Math,26,Math-26-Round1-s101-d1809f340ab9,True,True,False,MOSA_EvoSuite/Result_Round1/Math/26/Math-26-Round1-s101-d1809f340ab9/result.json
native,evosuite,Math,27,Math-27-Round1-s101-01450aff84b3,True,True,False,MOSA_EvoSuite/Result_Round1/Math/27/Math-27-Round1-s101-01450aff84b3/result.json
native,evosuite,Math,29,Math-29-Round1-s101-302d39f99b4d,True,True,False,MOSA_EvoSuite/Result_Round1/Math/29/Math-29-Round1-s101-302d39f99b4d/result.json
native,evosuite,Math,3,Math-3-Round1-s101-394d50109499,True,True,False,MOSA_EvoSuite/Result_Round1/Math/3/Math-3-Round1-s101-394d50109499/result.json
native,evosuite,Math,32,Math-32-Round1-s101-f336bdc1e764,True,True,False,MOSA_EvoSuite/Result_Round1/Math/32/Math-32-Round1-s101-f336bdc1e764/result.json
native,evosuite,Math,35,Math-35-Round1-s101-05e937536a0f,True,True,False,MOSA_EvoSuite/Result_Round1/Math/35/Math-35-Round1-s101-05e937536a0f/result.json
native,evosuite,Math,36,Math-36-Round1-s101-b46391ac7d3a,True,True,False,MOSA_EvoSuite/Result_Round1/Math/36/Math-36-Round1-s101-b46391ac7d3a/result.json
native,evosuite,Math,37,Math-37-Round1-s101-988e608960b5,True,True,False,MOSA_EvoSuite/Result_Round1/Math/37/Math-37-Round1-s101-988e608960b5/result.json
native,evosuite,Math,4,Math-4-Round1-s101-863efe155c59,True,True,False,MOSA_EvoSuite/Result_Round1/Math/4/Math-4-Round1-s101-863efe155c59/result.json
native,evosuite,Math,4,Math-4-Round1-s101-d4e441b89771,True,True,False,MOSA_EvoSuite/Result_Round1/Math/4/Math-4-Round1-s101-d4e441b89771/result.json
native,evosuite,Math,45,Math-45-Round1-s101-fdf5d2e054a5,True,True,False,MOSA_EvoSuite/Result_Round1/Math/45/Math-45-Round1-s101-fdf5d2e054a5/result.json
native,evosuite,Math,46,Math-46-Round1-s101-310a39d8f45d,True,True,False,MOSA_EvoSuite/Result_Round1/Math/46/Math-46-Round1-s101-310a39d8f45d/result.json
native,evosuite,Math,47,Math-47-Round1-s101-cb3f9906303c,True,True,False,MOSA_EvoSuite/Result_Round1/Math/47/Math-47-Round1-s101-cb3f9906303c/result.json
native,evosuite,Math,5,Math-5-Round1-s101-aa585b5ce181,True,True,False,MOSA_EvoSuite/Result_Round1/Math/5/Math-5-Round1-s101-aa585b5ce181/result.json
native,evosuite,Math,53,Math-53-Round1-s101-99b7151d9b2b,True,True,False,MOSA_EvoSuite/Result_Round1/Math/53/Math-53-Round1-s101-99b7151d9b2b/result.json
native,evosuite,Math,55,Math-55-Round1-s101-e46e49ead75a,True,True,False,MOSA_EvoSuite/Result_Round1/Math/55/Math-55-Round1-s101-e46e49ead75a/result.json
native,evosuite,Math,56,Math-56-Round1-s101-c120e959c005,True,True,False,MOSA_EvoSuite/Result_Round1/Math/56/Math-56-Round1-s101-c120e959c005/result.json
native,evosuite,Math,59,Math-59-Round1-s101-2c6dd0be028f,True,True,False,MOSA_EvoSuite/Result_Round1/Math/59/Math-59-Round1-s101-2c6dd0be028f/result.json
native,evosuite,Math,6,Math-6-Round1-s101-ae7318f7779d,True,True,False,MOSA_EvoSuite/Result_Round1/Math/6/Math-6-Round1-s101-ae7318f7779d/result.json
native,evosuite,Math,61,Math-61-Round1-s101-662a723fe5e4,True,True,False,MOSA_EvoSuite/Result_Round1/Math/61/Math-61-Round1-s101-662a723fe5e4/result.json
native,evosuite,Math,64,Math-64-Round1-s101-a1a51507ea48,True,True,False,MOSA_EvoSuite/Result_Round1/Math/64/Math-64-Round1-s101-a1a51507ea48/result.json
native,evosuite,Math,66,Math-66-Round1-s101-9b1558c1ffe4,True,True,False,MOSA_EvoSuite/Result_Round1/Math/66/Math-66-Round1-s101-9b1558c1ffe4/result.json
native,evosuite,Math,70,Math-70-Round1-s101-4a2b55436dba,True,True,False,MOSA_EvoSuite/Result_Round1/Math/70/Math-70-Round1-s101-4a2b55436dba/result.json
native,evosuite,Math,71,Math-71-Round1-s101-772a0ceba651,True,True,False,MOSA_EvoSuite/Result_Round1/Math/71/Math-71-Round1-s101-772a0ceba651/result.json
native,evosuite,Math,73,Math-73-Round1-s101-267bc80d5353,True,True,False,MOSA_EvoSuite/Result_Round1/Math/73/Math-73-Round1-s101-267bc80d5353/result.json
native,evosuite,Math,77,Math-77-Round1-s101-c62de8328014,True,True,False,MOSA_EvoSuite/Result_Round1/Math/77/Math-77-Round1-s101-c62de8328014/result.json
native,evosuite,Math,78,Math-78-Round1-s101-e059243c08cf,True,True,False,MOSA_EvoSuite/Result_Round1/Math/78/Math-78-Round1-s101-e059243c08cf/result.json
native,evosuite,Math,81,Math-81-Round1-s101-fcafe338e85b,True,True,False,MOSA_EvoSuite/Result_Round1/Math/81/Math-81-Round1-s101-fcafe338e85b/result.json
native,evosuite,Math,85,Math-85-Round1-s101-2eca15a6adf4,True,True,False,MOSA_EvoSuite/Result_Round1/Math/85/Math-85-Round1-s101-2eca15a6adf4/result.json
native,evosuite,Math,87,Math-87-Round1-s101-c141fbc42c69,True,True,False,MOSA_EvoSuite/Result_Round1/Math/87/Math-87-Round1-s101-c141fbc42c69/result.json
native,evosuite,Math,92,Math-92-Round1-s101-952bc19bd825,True,True,False,MOSA_EvoSuite/Result_Round1/Math/92/Math-92-Round1-s101-952bc19bd825/result.json
native,evosuite,Math,95,Math-95-Round1-s101-6f5841af3036,True,True,False,MOSA_EvoSuite/Result_Round1/Math/95/Math-95-Round1-s101-6f5841af3036/result.json
native,evosuite,Math,97,Math-97-Round1-s101-dce3227a3ab5,True,True,False,MOSA_EvoSuite/Result_Round1/Math/97/Math-97-Round1-s101-dce3227a3ab5/result.json
native,evosuite,Math,99,Math-99-Round1-s101-c75069c644e4,True,True,False,MOSA_EvoSuite/Result_Round1/Math/99/Math-99-Round1-s101-c75069c644e4/result.json
native,evosuite,Mockito,17,Mockito-17-Round1-s101-49a020ca5b00,True,True,False,MOSA_EvoSuite/Result_Round1/Mockito/17/Mockito-17-Round1-s101-49a020ca5b00/result.json
native,evosuite,Mockito,2,Mockito-2-Round1-s101-612ba7702d4f,True,True,False,MOSA_EvoSuite/Result_Round1/Mockito/2/Mockito-2-Round1-s101-612ba7702d4f/result.json
native,evosuite,Mockito,29,Mockito-29-Round1-s101-3104abd2f99b,True,True,False,MOSA_EvoSuite/Result_Round1/Mockito/29/Mockito-29-Round1-s101-3104abd2f99b/result.json
native,evosuite,Mockito,35,Mockito-35-Round1-s101-392308a33d9f,True,True,False,MOSA_EvoSuite/Result_Round1/Mockito/35/Mockito-35-Round1-s101-392308a33d9f/result.json
native,evosuite,Mockito,37,Mockito-37-Round1-s101-ce3c8dac6354,True,True,False,MOSA_EvoSuite/Result_Round1/Mockito/37/Mockito-37-Round1-s101-ce3c8dac6354/result.json
native,evosuite,Time,1,Time-1-Round1-s101-38c7184c084f,True,True,False,MOSA_EvoSuite/Result_Round1/Time/1/Time-1-Round1-s101-38c7184c084f/result.json
native,evosuite,Time,1,Time-1-Round1-s101-9adcefab8ae4,True,True,False,MOSA_EvoSuite/Result_Round1/Time/1/Time-1-Round1-s101-9adcefab8ae4/result.json
native,evosuite,Time,14,Time-14-Round1-s101-0ba6f3fd45a4,True,True,False,MOSA_EvoSuite/Result_Round1/Time/14/Time-14-Round1-s101-0ba6f3fd45a4/result.json
native,evosuite,Time,15,Time-15-Round1-s101-f07ba219a8c7,True,True,False,MOSA_EvoSuite/Result_Round1/Time/15/Time-15-Round1-s101-f07ba219a8c7/result.json
native,evosuite,Time,17,Time-17-Round1-s101-0b34f26e8db7,True,True,False,MOSA_EvoSuite/Result_Round1/Time/17/Time-17-Round1-s101-0b34f26e8db7/result.json
native,evosuite,Time,2,Time-2-Round1-s101-119a4d5c9423,True,True,False,MOSA_EvoSuite/Result_Round1/Time/2/Time-2-Round1-s101-119a4d5c9423/result.json
native,evosuite,Time,2,Time-2-Round1-s101-b59e8fbf32ce,True,True,False,MOSA_EvoSuite/Result_Round1/Time/2/Time-2-Round1-s101-b59e8fbf32ce/result.json
native,evosuite,Time,4,Time-4-Round1-s101-263b79cb446b,True,True,False,MOSA_EvoSuite/Result_Round1/Time/4/Time-4-Round1-s101-263b79cb446b/result.json
native,evosuite,Time,5,Time-5-Round1-s101-684e32a99797,True,True,False,MOSA_EvoSuite/Result_Round1/Time/5/Time-5-Round1-s101-684e32a99797/result.json
native,evosuite,Time,6,Time-6-Round1-s101-77656f7c7b8d,True,True,False,MOSA_EvoSuite/Result_Round1/Time/6/Time-6-Round1-s101-77656f7c7b8d/result.json
native,evosuite,Time,9,Time-9-Round1-s101-cd87c4c61996,True,True,False,MOSA_EvoSuite/Result_Round1/Time/9/Time-9-Round1-s101-cd87c4c61996/result.json
native,evosuite,Compress,1,Compress-1-Round2-s101-efef51234497,True,True,False,MOSA_EvoSuite/Result_Round2/Compress/1/Compress-1-Round2-s101-efef51234497/result.json
native,evosuite,Compress,1,Compress-1-Round2-s202-30a1903958df,True,True,False,MOSA_EvoSuite/Result_Round2/Compress/1/Compress-1-Round2-s202-30a1903958df/result.json
native,evosuite,Compress,1,Compress-1-Round2-s303-9ca111c5d1a0,True,True,False,MOSA_EvoSuite/Result_Round2/Compress/1/Compress-1-Round2-s303-9ca111c5d1a0/result.json
native,evosuite,JacksonCore,1,JacksonCore-1-Round2-s101-7f3f12447d3a,True,True,False,MOSA_EvoSuite/Result_Round2/JacksonCore/1/JacksonCore-1-Round2-s101-7f3f12447d3a/result.json
native,evosuite,JacksonCore,1,JacksonCore-1-Round2-s101-d979dabbb0ef,True,True,False,MOSA_EvoSuite/Result_Round2/JacksonCore/1/JacksonCore-1-Round2-s101-d979dabbb0ef/result.json
native,evosuite,JacksonCore,1,JacksonCore-1-Round2-s202-5b5224d8851b,True,True,False,MOSA_EvoSuite/Result_Round2/JacksonCore/1/JacksonCore-1-Round2-s202-5b5224d8851b/result.json
native,evosuite,JacksonCore,1,JacksonCore-1-Round2-s202-606297f1c953,True,True,False,MOSA_EvoSuite/Result_Round2/JacksonCore/1/JacksonCore-1-Round2-s202-606297f1c953/result.json
native,evosuite,JacksonCore,1,JacksonCore-1-Round2-s303-6fedae778dda,True,True,False,MOSA_EvoSuite/Result_Round2/JacksonCore/1/JacksonCore-1-Round2-s303-6fedae778dda/result.json
native,evosuite,JacksonCore,1,JacksonCore-1-Round2-s303-fd46615895c0,True,True,False,MOSA_EvoSuite/Result_Round2/JacksonCore/1/JacksonCore-1-Round2-s303-fd46615895c0/result.json
native,evosuite,JxPath,1,JxPath-1-Round2-s101-e273fd812238,True,True,False,MOSA_EvoSuite/Result_Round2/JxPath/1/JxPath-1-Round2-s101-e273fd812238/result.json
native,evosuite,JxPath,1,JxPath-1-Round2-s202-7ce35cb3105b,True,True,False,MOSA_EvoSuite/Result_Round2/JxPath/1/JxPath-1-Round2-s202-7ce35cb3105b/result.json
native,evosuite,JxPath,1,JxPath-1-Round2-s303-e7c882a81adb,True,True,False,MOSA_EvoSuite/Result_Round2/JxPath/1/JxPath-1-Round2-s303-e7c882a81adb/result.json
native,evosuite,Math,1,Math-1-Round2-s101-80a1d2fc4402,True,True,False,MOSA_EvoSuite/Result_Round2/Math/1/Math-1-Round2-s101-80a1d2fc4402/result.json
native,grt,Chart,10,Chart-10-Round1-s101-43074e484fc3,True,True,False,GRT/Result_Round1/Chart/10/Chart-10-Round1-s101-43074e484fc3/result.json
native,grt,Chart,11,Chart-11-Round1-s101-2369f99d6ee4,True,True,False,GRT/Result_Round1/Chart/11/Chart-11-Round1-s101-2369f99d6ee4/result.json
native,grt,Chart,12,Chart-12-Round1-s101-59e70317ff16,True,True,False,GRT/Result_Round1/Chart/12/Chart-12-Round1-s101-59e70317ff16/result.json
native,grt,Chart,14,Chart-14-Round1-s101-b26d13755cdf,True,True,False,GRT/Result_Round1/Chart/14/Chart-14-Round1-s101-b26d13755cdf/result.json
native,grt,Chart,16,Chart-16-Round1-s101-956560577162,True,True,False,GRT/Result_Round1/Chart/16/Chart-16-Round1-s101-956560577162/result.json
native,grt,Chart,18,Chart-18-Round1-s101-0a47abeda400,True,True,False,GRT/Result_Round1/Chart/18/Chart-18-Round1-s101-0a47abeda400/result.json
native,grt,Chart,18,Chart-18-Round1-s101-b0bff53279f6,True,True,False,GRT/Result_Round1/Chart/18/Chart-18-Round1-s101-b0bff53279f6/result.json
native,grt,Chart,22,Chart-22-Round1-s101-ba153d4119d5,True,True,False,GRT/Result_Round1/Chart/22/Chart-22-Round1-s101-ba153d4119d5/result.json
native,grt,Chart,24,Chart-24-Round1-s101-b5f0f00a5c5c,True,True,False,GRT/Result_Round1/Chart/24/Chart-24-Round1-s101-b5f0f00a5c5c/result.json
native,grt,Cli,19,Cli-19-Round1-s101-6345cc0ef73c,True,True,False,GRT/Result_Round1/Cli/19/Cli-19-Round1-s101-6345cc0ef73c/result.json
native,grt,Cli,22,Cli-22-Round1-s101-f7b16aa51287,True,True,False,GRT/Result_Round1/Cli/22/Cli-22-Round1-s101-f7b16aa51287/result.json
native,grt,Cli,24,Cli-24-Round1-s101-29b3bb8550da,True,True,False,GRT/Result_Round1/Cli/24/Cli-24-Round1-s101-29b3bb8550da/result.json
native,grt,Cli,25,Cli-25-Round1-s101-eb8f87f4e6ec,True,True,False,GRT/Result_Round1/Cli/25/Cli-25-Round1-s101-eb8f87f4e6ec/result.json
native,grt,Cli,30,Cli-30-Round1-s101-53cb4c1566ad,True,True,False,GRT/Result_Round1/Cli/30/Cli-30-Round1-s101-53cb4c1566ad/result.json
native,grt,Cli,30,Cli-30-Round1-s101-e7e8918d7806,True,True,False,GRT/Result_Round1/Cli/30/Cli-30-Round1-s101-e7e8918d7806/result.json
native,grt,Cli,31,Cli-31-Round1-s101-9673693bf09d,True,True,False,GRT/Result_Round1/Cli/31/Cli-31-Round1-s101-9673693bf09d/result.json
native,grt,Cli,34,Cli-34-Round1-s101-794594f6e74f,True,True,False,GRT/Result_Round1/Cli/34/Cli-34-Round1-s101-794594f6e74f/result.json
native,grt,Cli,40,Cli-40-Round1-s101-bbb7f0c5d5c5,True,True,False,GRT/Result_Round1/Cli/40/Cli-40-Round1-s101-bbb7f0c5d5c5/result.json
native,grt,Closure,12,Closure-12-Round1-s101-dfbc10679070,True,True,False,GRT/Result_Round1/Closure/12/Closure-12-Round1-s101-dfbc10679070/result.json
native,grt,Closure,22,Closure-22-Round1-s101-56d8817933c0,True,True,False,GRT/Result_Round1/Closure/22/Closure-22-Round1-s101-56d8817933c0/result.json
native,grt,Closure,24,Closure-24-Round1-s101-c1491fa8a471,True,True,False,GRT/Result_Round1/Closure/24/Closure-24-Round1-s101-c1491fa8a471/result.json
native,grt,Closure,30,Closure-30-Round1-s101-281a4a77463e,True,True,False,GRT/Result_Round1/Closure/30/Closure-30-Round1-s101-281a4a77463e/result.json
native,grt,Closure,56,Closure-56-Round1-s101-6e22f1d1c139,True,True,False,GRT/Result_Round1/Closure/56/Closure-56-Round1-s101-6e22f1d1c139/result.json
native,grt,Codec,11,Codec-11-Round1-s101-68ae396c0096,True,True,False,GRT/Result_Round1/Codec/11/Codec-11-Round1-s101-68ae396c0096/result.json
native,grt,Codec,12,Codec-12-Round1-s101-f1424d8b6ed5,True,True,False,GRT/Result_Round1/Codec/12/Codec-12-Round1-s101-f1424d8b6ed5/result.json
native,grt,Codec,13,Codec-13-Round1-s101-5f88e034eca7,True,True,False,GRT/Result_Round1/Codec/13/Codec-13-Round1-s101-5f88e034eca7/result.json
native,grt,Collections,4,Collections-4-Round1-s101-81d3a6746faa,True,True,False,GRT/Result_Round1/Collections/4/Collections-4-Round1-s101-81d3a6746faa/result.json
native,grt,Compress,14,Compress-14-Round1-s101-1eefa8a84461,True,True,False,GRT/Result_Round1/Compress/14/Compress-14-Round1-s101-1eefa8a84461/result.json
native,grt,Compress,35,Compress-35-Round1-s101-6cca599dff81,True,True,False,GRT/Result_Round1/Compress/35/Compress-35-Round1-s101-6cca599dff81/result.json
native,grt,Compress,4,Compress-4-Round1-s101-073f683c3529,True,True,False,GRT/Result_Round1/Compress/4/Compress-4-Round1-s101-073f683c3529/result.json
native,grt,Compress,4,Compress-4-Round1-s101-734f18199192,True,True,False,GRT/Result_Round1/Compress/4/Compress-4-Round1-s101-734f18199192/result.json
native,grt,Compress,46,Compress-46-Round1-s101-ec7de3a3d0d1,True,True,False,GRT/Result_Round1/Compress/46/Compress-46-Round1-s101-ec7de3a3d0d1/result.json
native,grt,Compress,8,Compress-8-Round1-s101-0691966664bf,True,True,False,GRT/Result_Round1/Compress/8/Compress-8-Round1-s101-0691966664bf/result.json
native,grt,Gson,12,Gson-12-Round1-s101-e45ae8888415,True,True,False,GRT/Result_Round1/Gson/12/Gson-12-Round1-s101-e45ae8888415/result.json
native,grt,Gson,14,Gson-14-Round1-s101-a761ead3199e,True,True,False,GRT/Result_Round1/Gson/14/Gson-14-Round1-s101-a761ead3199e/result.json
native,grt,Gson,17,Gson-17-Round1-s101-87057b664fbb,True,True,False,GRT/Result_Round1/Gson/17/Gson-17-Round1-s101-87057b664fbb/result.json
native,grt,Gson,4,Gson-4-Round1-s101-9e667769d505,True,True,False,GRT/Result_Round1/Gson/4/Gson-4-Round1-s101-9e667769d505/result.json
native,grt,JacksonCore,1,JacksonCore-1-Round1-s101-751e4be4251e,True,True,False,GRT/Result_Round1/JacksonCore/1/JacksonCore-1-Round1-s101-751e4be4251e/result.json
native,grt,JacksonCore,1,JacksonCore-1-Round1-s101-8d9066669303,True,True,False,GRT/Result_Round1/JacksonCore/1/JacksonCore-1-Round1-s101-8d9066669303/result.json
native,grt,JacksonCore,1,JacksonCore-1-Round1-s101-b420ca59a634,True,True,False,GRT/Result_Round1/JacksonCore/1/JacksonCore-1-Round1-s101-b420ca59a634/result.json
native,grt,JacksonCore,1,JacksonCore-1-Round1-s101-c8882b0363b1,True,True,False,GRT/Result_Round1/JacksonCore/1/JacksonCore-1-Round1-s101-c8882b0363b1/result.json
native,grt,JacksonCore,1,JacksonCore-1-Round1-s202-e5efdd7c0ba0,True,True,False,GRT/Result_Round1/JacksonCore/1/JacksonCore-1-Round1-s202-e5efdd7c0ba0/result.json
native,grt,JacksonCore,1,JacksonCore-1-Round1-s303-11a7502ce352,True,True,False,GRT/Result_Round1/JacksonCore/1/JacksonCore-1-Round1-s303-11a7502ce352/result.json
native,grt,JacksonCore,1,JacksonCore-1-Round1-s303-11de01ab9eed,True,True,False,GRT/Result_Round1/JacksonCore/1/JacksonCore-1-Round1-s303-11de01ab9eed/result.json
native,grt,JacksonCore,10,JacksonCore-10-Round1-s101-e08abf4d0944,True,True,False,GRT/Result_Round1/JacksonCore/10/JacksonCore-10-Round1-s101-e08abf4d0944/result.json
native,grt,JacksonCore,14,JacksonCore-14-Round1-s101-59aa52c3e7fa,True,True,False,GRT/Result_Round1/JacksonCore/14/JacksonCore-14-Round1-s101-59aa52c3e7fa/result.json
native,grt,JacksonCore,24,JacksonCore-24-Round1-s101-4a922d640456,True,True,False,GRT/Result_Round1/JacksonCore/24/JacksonCore-24-Round1-s101-4a922d640456/result.json
native,grt,JacksonCore,24,JacksonCore-24-Round1-s101-c81936b09a8f,True,True,False,GRT/Result_Round1/JacksonCore/24/JacksonCore-24-Round1-s101-c81936b09a8f/result.json
native,grt,JacksonCore,7,JacksonCore-7-Round1-s101-74038a79ca73,True,True,False,GRT/Result_Round1/JacksonCore/7/JacksonCore-7-Round1-s101-74038a79ca73/result.json
native,grt,JacksonCore,8,JacksonCore-8-Round1-s101-17e3a4dd2ad4,True,True,False,GRT/Result_Round1/JacksonCore/8/JacksonCore-8-Round1-s101-17e3a4dd2ad4/result.json
native,grt,JacksonDatabind,36,JacksonDatabind-36-Round1-s101-d53aa61bc23c,True,True,False,GRT/Result_Round1/JacksonDatabind/36/JacksonDatabind-36-Round1-s101-d53aa61bc23c/result.json
native,grt,JacksonDatabind,4,JacksonDatabind-4-Round1-s101-0a221be8ef42,True,True,False,GRT/Result_Round1/JacksonDatabind/4/JacksonDatabind-4-Round1-s101-0a221be8ef42/result.json
native,grt,JacksonDatabind,55,JacksonDatabind-55-Round1-s101-1da2ab9cf169,True,True,False,GRT/Result_Round1/JacksonDatabind/55/JacksonDatabind-55-Round1-s101-1da2ab9cf169/result.json
native,grt,JacksonDatabind,99,JacksonDatabind-99-Round1-s101-9d8f627942f8,True,True,False,GRT/Result_Round1/JacksonDatabind/99/JacksonDatabind-99-Round1-s101-9d8f627942f8/result.json
native,grt,Jsoup,18,Jsoup-18-Round1-s101-7d9dceb9aa02,True,True,False,GRT/Result_Round1/Jsoup/18/Jsoup-18-Round1-s101-7d9dceb9aa02/result.json
native,grt,Jsoup,22,Jsoup-22-Round1-s101-6c59a976ca58,True,True,False,GRT/Result_Round1/Jsoup/22/Jsoup-22-Round1-s101-6c59a976ca58/result.json
native,grt,Jsoup,22,Jsoup-22-Round1-s101-903a3aea4bec,True,True,False,GRT/Result_Round1/Jsoup/22/Jsoup-22-Round1-s101-903a3aea4bec/result.json
native,grt,Jsoup,26,Jsoup-26-Round1-s101-d5e9e3f2c2fc,True,True,False,GRT/Result_Round1/Jsoup/26/Jsoup-26-Round1-s101-d5e9e3f2c2fc/result.json
native,grt,Jsoup,34,Jsoup-34-Round1-s101-d8ebb1bd8f03,True,True,False,GRT/Result_Round1/Jsoup/34/Jsoup-34-Round1-s101-d8ebb1bd8f03/result.json
native,grt,Jsoup,50,Jsoup-50-Round1-s101-4e060efa9662,True,True,False,GRT/Result_Round1/Jsoup/50/Jsoup-50-Round1-s101-4e060efa9662/result.json
native,grt,Jsoup,52,Jsoup-52-Round1-s101-f82428a03de9,True,True,False,GRT/Result_Round1/Jsoup/52/Jsoup-52-Round1-s101-f82428a03de9/result.json
native,grt,Jsoup,60,Jsoup-60-Round1-s101-ca62e89420ed,True,True,False,GRT/Result_Round1/Jsoup/60/Jsoup-60-Round1-s101-ca62e89420ed/result.json
native,grt,Jsoup,72,Jsoup-72-Round1-s101-c1a947318ac8,True,True,False,GRT/Result_Round1/Jsoup/72/Jsoup-72-Round1-s101-c1a947318ac8/result.json
native,grt,Jsoup,79,Jsoup-79-Round1-s101-25bbe7192f9f,True,True,False,GRT/Result_Round1/Jsoup/79/Jsoup-79-Round1-s101-25bbe7192f9f/result.json
native,grt,Jsoup,8,Jsoup-8-Round1-s101-50ee0dee07ff,True,True,False,GRT/Result_Round1/Jsoup/8/Jsoup-8-Round1-s101-50ee0dee07ff/result.json
native,grt,Jsoup,89,Jsoup-89-Round1-s101-75732e0bf7d1,True,True,False,GRT/Result_Round1/Jsoup/89/Jsoup-89-Round1-s101-75732e0bf7d1/result.json
native,grt,JxPath,13,JxPath-13-Round1-s101-34d7870c2e23,True,True,False,GRT/Result_Round1/JxPath/13/JxPath-13-Round1-s101-34d7870c2e23/result.json
native,grt,JxPath,9,JxPath-9-Round1-s101-9b5237421caa,True,True,False,GRT/Result_Round1/JxPath/9/JxPath-9-Round1-s101-9b5237421caa/result.json
native,grt,Lang,23,Lang-23-Round1-s101-566df58da5bb,True,True,False,GRT/Result_Round1/Lang/23/Lang-23-Round1-s101-566df58da5bb/result.json
native,grt,Lang,29,Lang-29-Round1-s101-759990a8417d,True,True,False,GRT/Result_Round1/Lang/29/Lang-29-Round1-s101-759990a8417d/result.json
native,grt,Lang,33,Lang-33-Round1-s101-6da09461fa03,True,True,False,GRT/Result_Round1/Lang/33/Lang-33-Round1-s101-6da09461fa03/result.json
native,grt,Lang,41,Lang-41-Round1-s101-28120fad3d30,True,True,False,GRT/Result_Round1/Lang/41/Lang-41-Round1-s101-28120fad3d30/result.json
native,grt,Lang,45,Lang-45-Round1-s101-d1e0d19f2b54,True,True,False,GRT/Result_Round1/Lang/45/Lang-45-Round1-s101-d1e0d19f2b54/result.json
native,grt,Lang,57,Lang-57-Round1-s101-8e96231a5f92,True,True,False,GRT/Result_Round1/Lang/57/Lang-57-Round1-s101-8e96231a5f92/result.json
native,grt,Lang,60,Lang-60-Round1-s101-1bf697df243c,True,True,False,GRT/Result_Round1/Lang/60/Lang-60-Round1-s101-1bf697df243c/result.json
native,grt,Lang,9,Lang-9-Round1-s101-965b2c3ea2b1,True,True,False,GRT/Result_Round1/Lang/9/Lang-9-Round1-s101-965b2c3ea2b1/result.json
native,grt,Math,103,Math-103-Round1-s101-3f151280e5ec,True,True,False,GRT/Result_Round1/Math/103/Math-103-Round1-s101-3f151280e5ec/result.json
native,grt,Math,13,Math-13-Round1-s101-7567da43aa28,True,True,False,GRT/Result_Round1/Math/13/Math-13-Round1-s101-7567da43aa28/result.json
native,grt,Math,14,Math-14-Round1-s101-42af0659b112,True,True,False,GRT/Result_Round1/Math/14/Math-14-Round1-s101-42af0659b112/result.json
native,grt,Math,22,Math-22-Round1-s101-b808dd4f4bfb,True,True,False,GRT/Result_Round1/Math/22/Math-22-Round1-s101-b808dd4f4bfb/result.json
native,grt,Math,22,Math-22-Round1-s101-df11dcc738bf,True,True,False,GRT/Result_Round1/Math/22/Math-22-Round1-s101-df11dcc738bf/result.json
native,grt,Math,3,Math-3-Round1-s101-1ca29a3781c8,True,True,False,GRT/Result_Round1/Math/3/Math-3-Round1-s101-1ca29a3781c8/result.json
native,grt,Math,35,Math-35-Round1-s101-b62c59302f76,True,True,False,GRT/Result_Round1/Math/35/Math-35-Round1-s101-b62c59302f76/result.json
native,grt,Math,4,Math-4-Round1-s101-9869aa4364a4,True,True,False,GRT/Result_Round1/Math/4/Math-4-Round1-s101-9869aa4364a4/result.json
native,grt,Math,54,Math-54-Round1-s101-abef7cfc7915,True,True,False,GRT/Result_Round1/Math/54/Math-54-Round1-s101-abef7cfc7915/result.json
native,grt,Math,6,Math-6-Round1-s101-1bec5c2ee622,True,True,False,GRT/Result_Round1/Math/6/Math-6-Round1-s101-1bec5c2ee622/result.json
native,grt,Math,6,Math-6-Round1-s101-294b1a479b4e,True,True,False,GRT/Result_Round1/Math/6/Math-6-Round1-s101-294b1a479b4e/result.json
native,grt,Math,6,Math-6-Round1-s101-5166765fc645,True,True,False,GRT/Result_Round1/Math/6/Math-6-Round1-s101-5166765fc645/result.json
native,grt,Math,6,Math-6-Round1-s101-db125dd0214d,True,True,False,GRT/Result_Round1/Math/6/Math-6-Round1-s101-db125dd0214d/result.json
native,grt,Math,6,Math-6-Round1-s101-ecb8fcc1cf1a,True,True,False,GRT/Result_Round1/Math/6/Math-6-Round1-s101-ecb8fcc1cf1a/result.json
native,grt,Math,6,Math-6-Round1-s101-efeb8f5b6925,True,True,False,GRT/Result_Round1/Math/6/Math-6-Round1-s101-efeb8f5b6925/result.json
native,grt,Math,6,Math-6-Round1-s101-feccdf8866ed,True,True,False,GRT/Result_Round1/Math/6/Math-6-Round1-s101-feccdf8866ed/result.json
native,grt,Math,66,Math-66-Round1-s101-880b692c2a7d,True,True,False,GRT/Result_Round1/Math/66/Math-66-Round1-s101-880b692c2a7d/result.json
native,grt,Math,67,Math-67-Round1-s101-f5784e3f32df,True,True,False,GRT/Result_Round1/Math/67/Math-67-Round1-s101-f5784e3f32df/result.json
native,grt,Math,70,Math-70-Round1-s101-f935261a9568,True,True,False,GRT/Result_Round1/Math/70/Math-70-Round1-s101-f935261a9568/result.json
native,grt,Math,77,Math-77-Round1-s101-565163bc0a34,True,True,False,GRT/Result_Round1/Math/77/Math-77-Round1-s101-565163bc0a34/result.json
native,grt,Math,89,Math-89-Round1-s101-8927c2933f62,True,True,False,GRT/Result_Round1/Math/89/Math-89-Round1-s101-8927c2933f62/result.json
native,grt,Math,92,Math-92-Round1-s101-8ebe3eae5a4e,True,True,False,GRT/Result_Round1/Math/92/Math-92-Round1-s101-8ebe3eae5a4e/result.json
native,grt,Math,95,Math-95-Round1-s101-b5a5815e5fa3,True,True,False,GRT/Result_Round1/Math/95/Math-95-Round1-s101-b5a5815e5fa3/result.json
native,grt,Mockito,11,Mockito-11-Round1-s101-a77ac84d3ce9,True,True,False,GRT/Result_Round1/Mockito/11/Mockito-11-Round1-s101-a77ac84d3ce9/result.json
native,grt,Mockito,2,Mockito-2-Round1-s101-4fdd06f05260,True,True,False,GRT/Result_Round1/Mockito/2/Mockito-2-Round1-s101-4fdd06f05260/result.json
native,grt,Mockito,35,Mockito-35-Round1-s101-578b6626b8f9,True,True,False,GRT/Result_Round1/Mockito/35/Mockito-35-Round1-s101-578b6626b8f9/result.json
native,grt,Time,11,Time-11-Round1-s101-f7418572e956,True,True,False,GRT/Result_Round1/Time/11/Time-11-Round1-s101-f7418572e956/result.json
native,grt,JacksonCore,1,JacksonCore-1-Round2-s101-a7af25776749,True,True,False,GRT/Result_Round2/JacksonCore/1/JacksonCore-1-Round2-s101-a7af25776749/result.json
native,grt,JacksonCore,1,JacksonCore-1-Round2-s101-e069c3133d36,True,True,False,GRT/Result_Round2/JacksonCore/1/JacksonCore-1-Round2-s101-e069c3133d36/result.json
native,grt,JacksonCore,1,JacksonCore-1-Round2-s202-b9b375a02194-attempt2,False,True,False,GRT/Result_Round2/JacksonCore/1/JacksonCore-1-Round2-s202-b9b375a02194-attempt2/result.json
native,grt,JacksonCore,1,JacksonCore-1-Round2-s303-126e0bb0ed66,True,True,False,GRT/Result_Round2/JacksonCore/1/JacksonCore-1-Round2-s303-126e0bb0ed66/result.json
native,grt,JacksonCore,1,JacksonCore-1-Round2-s303-6800d23e0a69,True,True,False,GRT/Result_Round2/JacksonCore/1/JacksonCore-1-Round2-s303-6800d23e0a69/result.json
imported-claim,openai,Chart,3,Chart-3-Reevaluation-s0-db80361515a6,True,,,results/Chart/3/gpt.json
imported-claim,openai,Chart,5,Chart-5-Reevaluation-s0-f9f5abe13bf4,True,,,results/Chart/5/gpt.json
imported-claim,openai,Chart,8,Chart-8-Reevaluation-s0-d0b802d8bb39,True,,,results/Chart/8/gpt.json
imported-claim,openai,Chart,11,Chart-11-Reevaluation-s0-43c43dbad540,True,,,results/Chart/11/gpt.json
imported-claim,openai,Chart,13,Chart-13-Reevaluation-s0-828112ca66d7,True,,,results/Chart/13/gpt.json
imported-claim,openai,Chart,23,Chart-23-Reevaluation-s0-87f867e0b61d,True,,,results/Chart/23/gpt.json
imported-claim,openai,Chart,24,Chart-24-Reevaluation-s0-dd4e4b2ddfa6,True,,,results/Chart/24/gpt.json
imported-claim,openai,Cli,39,Cli-39-Reevaluation-s0-f0b9c185f46a,True,,,results/Cli/39/gpt.json
imported-claim,openai,Closure,38,Closure-38-Reevaluation-s0-e08e97dcd31a,True,,,results/Closure/38/gpt.json
imported-claim,openai,Closure,44,Closure-44-Reevaluation-s0-a620e5589e09,True,,,results/Closure/44/gpt.json
imported-claim,openai,Closure,51,Closure-51-Reevaluation-s0-be0477155621,True,,,results/Closure/51/gpt.json
imported-claim,openai,Closure,62,Closure-62-Reevaluation-s0-d559102495d8,True,,,results/Closure/62/gpt.json
imported-claim,deepseek,Closure,105,Closure-105-Reevaluation-s0-c822dba7ba32,True,,,results/Closure/105/deepseek.json
imported-claim,openai,Closure,108,Closure-108-Reevaluation-s0-81ca976bec13,True,,,results/Closure/108/gpt.json
imported-claim,openai,Codec,4,Codec-4-Reevaluation-s0-6f3356a02d0d,True,,,results/Codec/4/gpt.json
imported-claim,openai,Codec,7,Codec-7-Reevaluation-s0-5482e8e27038,True,,,results/Codec/7/gpt.json
imported-claim,openai,Codec,16,Codec-16-Reevaluation-s0-2cd63e936ab8,True,,,results/Codec/16/gpt.json
imported-claim,openai,Collections,3,Collections-3-Reevaluation-s0-d7e45f65d9bb,True,,,results/Collections/3/gpt.json
imported-claim,openai,Collections,4,Collections-4-Reevaluation-s0-4c65b4f44c14,True,,,results/Collections/4/gpt.json
imported-claim,openai,Collections,10,Collections-10-Reevaluation-s0-a3624d6e0db4,True,,,results/Collections/10/gpt.json
imported-claim,deepseek,Collections,11,Collections-11-Reevaluation-s0-7f7a4213e593,True,,,results/Collections/11/deepseek.json
imported-claim,openai,Collections,11,Collections-11-Reevaluation-s0-b721d1ad093d,True,,,results/Collections/11/gpt.json
imported-claim,openai,Collections,17,Collections-17-Reevaluation-s0-e0765deb1508,True,,,results/Collections/17/gpt.json
imported-claim,openai,Compress,6,Compress-6-Reevaluation-s0-98342f7b7926,True,,,results/Compress/6/gpt.json
imported-claim,openai,Compress,10,Compress-10-Reevaluation-s0-2965a66bd73a,True,,,results/Compress/10/gpt.json
imported-claim,openai,Compress,19,Compress-19-Reevaluation-s0-d56481286dab,True,,,results/Compress/19/gpt.json
imported-claim,deepseek,Compress,26,Compress-26-Reevaluation-s0-6606af9db351,True,,,results/Compress/26/deepseek.json
imported-claim,openai,Compress,26,Compress-26-Reevaluation-s0-a6414d3d059d,True,,,results/Compress/26/gpt.json
imported-claim,openai,Compress,30,Compress-30-Reevaluation-s0-50ceceba5ad0,True,,,results/Compress/30/gpt.json
imported-claim,openai,Compress,44,Compress-44-Reevaluation-s0-533ec059975f,True,,,results/Compress/44/gpt.json
imported-claim,openai,Compress,46,Compress-46-Reevaluation-s0-c616b6a18952,True,,,results/Compress/46/gpt.json
imported-claim,openai,Csv,1,Csv-1-Reevaluation-s0-cb1071e45c12,True,,,results/Csv/1/gpt.json
imported-claim,openai,Csv,2,Csv-2-Reevaluation-s0-778181d68368,True,,,results/Csv/2/gpt.json
imported-claim,openai,Csv,6,Csv-6-Reevaluation-s0-fbc4423d53d6,True,,,results/Csv/6/gpt.json
imported-claim,openai,Csv,9,Csv-9-Reevaluation-s0-0dcc48439e0d,True,,,results/Csv/9/gpt.json
imported-claim,openai,Csv,13,Csv-13-Reevaluation-s0-451ff9d1072a,True,,,results/Csv/13/gpt.json
imported-claim,openai,Gson,3,Gson-3-Reevaluation-s0-629cb18d4695,True,,,results/Gson/3/gpt.json
imported-claim,openai,Gson,6,Gson-6-Reevaluation-s0-e26a4d284ce6,True,,,results/Gson/6/gpt.json
imported-claim,openai,Gson,10,Gson-10-Reevaluation-s0-649f8a20ab8c,True,,,results/Gson/10/gpt.json
imported-claim,openai,Gson,18,Gson-18-Reevaluation-s0-97c628757a0a,True,,,results/Gson/18/gpt.json
imported-claim,openai,JacksonCore,6,JacksonCore-6-Reevaluation-s0-c59347b68eed,True,,,results/JacksonCore/6/gpt.json
imported-claim,openai,JacksonCore,7,JacksonCore-7-Reevaluation-s0-24ed4e3718cf,True,,,results/JacksonCore/7/gpt.json
imported-claim,openai,JacksonCore,13,JacksonCore-13-Reevaluation-s0-7e9e1795415b,True,,,results/JacksonCore/13/gpt.json
imported-claim,openai,JacksonDatabind,39,JacksonDatabind-39-Reevaluation-s0-9cf3ea28160d,True,,,results/JacksonDatabind/39/gpt.json
imported-claim,openai,JacksonDatabind,40,JacksonDatabind-40-Reevaluation-s0-fe3849f024e2,True,,,results/JacksonDatabind/40/gpt.json
imported-claim,openai,JacksonDatabind,47,JacksonDatabind-47-Reevaluation-s0-139b2fa0129f,True,,,results/JacksonDatabind/47/gpt.json
imported-claim,openai,JacksonDatabind,49,JacksonDatabind-49-Reevaluation-s0-bcc8fe803adb,True,,,results/JacksonDatabind/49/gpt.json
imported-claim,openai,JacksonDatabind,71,JacksonDatabind-71-Reevaluation-s0-d808f3630f1e,True,,,results/JacksonDatabind/71/gpt.json
imported-claim,openai,JacksonDatabind,84,JacksonDatabind-84-Reevaluation-s0-7a480444b471,True,,,results/JacksonDatabind/84/gpt.json
imported-claim,openai,JacksonDatabind,87,JacksonDatabind-87-Reevaluation-s0-57d129e38cf5,True,,,results/JacksonDatabind/87/gpt.json
imported-claim,openai,JacksonDatabind,93,JacksonDatabind-93-Reevaluation-s0-575d98e32b74,True,,,results/JacksonDatabind/93/gpt.json
imported-claim,openai,JacksonXml,4,JacksonXml-4-Reevaluation-s0-e917eb1e5c72,True,,,results/JacksonXml/4/gpt.json
imported-claim,openai,JacksonXml,5,JacksonXml-5-Reevaluation-s0-7db35aaf7f93,True,,,results/JacksonXml/5/gpt.json
imported-claim,openai,Jsoup,1,Jsoup-1-Reevaluation-s0-26875fd5eb67,True,,,results/Jsoup/1/gpt.json
imported-claim,openai,Jsoup,19,Jsoup-19-Reevaluation-s0-a486cfb184d9,True,,,results/Jsoup/19/gpt.json
imported-claim,openai,Jsoup,25,Jsoup-25-Reevaluation-s0-caa15f1cb752,True,,,results/Jsoup/25/gpt.json
imported-claim,openai,Jsoup,29,Jsoup-29-Reevaluation-s0-7326ebd5360c,True,,,results/Jsoup/29/gpt.json
imported-claim,openai,Jsoup,39,Jsoup-39-Reevaluation-s0-e35981442ff5,True,,,results/Jsoup/39/gpt.json
imported-claim,openai,Jsoup,40,Jsoup-40-Reevaluation-s0-2417063c0609,True,,,results/Jsoup/40/gpt.json
imported-claim,deepseek,Jsoup,42,Jsoup-42-Reevaluation-s0-bcd1a76fdb07,True,,,results/Jsoup/42/deepseek.json
imported-claim,openai,Jsoup,69,Jsoup-69-Reevaluation-s0-f18d8339c3c8,True,,,results/Jsoup/69/gpt.json
imported-claim,openai,Jsoup,72,Jsoup-72-Reevaluation-s0-8c80e0bd3870,True,,,results/Jsoup/72/gpt.json
imported-claim,openai,JxPath,2,JxPath-2-Reevaluation-s0-bc9175c7576d,True,,,results/JxPath/2/gpt.json
imported-claim,deepseek,Lang,4,Lang-4-Reevaluation-s0-349ab36b2430,True,,,results/Lang/4/deepseek.json
imported-claim,openai,Lang,5,Lang-5-Reevaluation-s0-18cbca7b98a2,True,,,results/Lang/5/gpt.json
imported-claim,openai,Lang,6,Lang-6-Reevaluation-s0-f909b2c7418c,True,,,results/Lang/6/gpt.json
imported-claim,openai,Lang,11,Lang-11-Reevaluation-s0-7403d59fd455,True,,,results/Lang/11/gpt.json
imported-claim,openai,Lang,12,Lang-12-Reevaluation-s0-27ea7e8fc259,True,,,results/Lang/12/gpt.json
imported-claim,deepseek,Lang,13,Lang-13-Reevaluation-s0-8881bf7169fa,True,,,results/Lang/13/deepseek.json
imported-claim,openai,Lang,13,Lang-13-Reevaluation-s0-3fbb6c2c3ee8,True,,,results/Lang/13/gpt.json
imported-claim,deepseek,Lang,17,Lang-17-Reevaluation-s0-9f56e4fb5e15,True,,,results/Lang/17/deepseek.json
imported-claim,openai,Lang,19,Lang-19-Reevaluation-s0-760e8094f79c,True,,,results/Lang/19/gpt.json
imported-claim,openai,Lang,21,Lang-21-Reevaluation-s0-7c5ce565e56c,True,,,results/Lang/21/gpt.json
imported-claim,openai,Lang,26,Lang-26-Reevaluation-s0-22870413563c,True,,,results/Lang/26/gpt.json
imported-claim,openai,Lang,32,Lang-32-Reevaluation-s0-c6d840cb9f93,True,,,results/Lang/32/gpt.json
imported-claim,openai,Lang,38,Lang-38-Reevaluation-s0-8143e0683440,True,,,results/Lang/38/gpt.json
imported-claim,openai,Lang,46,Lang-46-Reevaluation-s0-ce37e13b5c0d,True,,,results/Lang/46/gpt.json
imported-claim,openai,Lang,51,Lang-51-Reevaluation-s0-87b232d3cb74,True,,,results/Lang/51/gpt.json
imported-claim,openai,Lang,54,Lang-54-Reevaluation-s0-3843b5de8fba,True,,,results/Lang/54/gpt.json
imported-claim,openai,Lang,55,Lang-55-Reevaluation-s0-c4afc07678d1,True,,,results/Lang/55/gpt.json
imported-claim,deepseek,Lang,62,Lang-62-Reevaluation-s0-6d8e8f7dc067,True,,,results/Lang/62/deepseek.json
imported-claim,openai,Lang,64,Lang-64-Reevaluation-s0-e1963f0c56cb,True,,,results/Lang/64/gpt.json
imported-claim,deepseek,Math,2,Math-2-Reevaluation-s0-94a83ada4f0f,True,,,results/Math/2/deepseek.json
imported-claim,openai,Math,2,Math-2-Reevaluation-s0-2baab0e0e220,True,,,results/Math/2/gpt.json
imported-claim,openai,Math,3,Math-3-Reevaluation-s0-101beae484a3,True,,,results/Math/3/gpt.json
imported-claim,openai,Math,10,Math-10-Reevaluation-s0-ee428e079211,True,,,results/Math/10/gpt.json
imported-claim,openai,Math,12,Math-12-Reevaluation-s0-6ee376632716,True,,,results/Math/12/gpt.json
imported-claim,openai,Math,20,Math-20-Reevaluation-s0-46598f36c1bc,True,,,results/Math/20/gpt.json
imported-claim,deepseek,Math,23,Math-23-Reevaluation-s0-f88c253ed0eb,True,,,results/Math/23/deepseek.json
imported-claim,openai,Math,23,Math-23-Reevaluation-s0-823ed657e913,True,,,results/Math/23/gpt.json
imported-claim,openai,Math,30,Math-30-Reevaluation-s0-e50c05524c37,True,,,results/Math/30/gpt.json
imported-claim,openai,Math,39,Math-39-Reevaluation-s0-0ef5fe1c2c03,True,,,results/Math/39/gpt.json
imported-claim,openai,Math,45,Math-45-Reevaluation-s0-a24c52d87032,True,,,results/Math/45/gpt.json
imported-claim,openai,Math,48,Math-48-Reevaluation-s0-2803d0cc36e8,True,,,results/Math/48/gpt.json
imported-claim,openai,Math,50,Math-50-Reevaluation-s0-01483c571c58,True,,,results/Math/50/gpt.json
imported-claim,openai,Math,55,Math-55-Reevaluation-s0-2b5c47eba609,True,,,results/Math/55/gpt.json
imported-claim,openai,Math,56,Math-56-Reevaluation-s0-7b325a9d2ec2,True,,,results/Math/56/gpt.json
imported-claim,openai,Math,69,Math-69-Reevaluation-s0-665185cc5bd8,True,,,results/Math/69/gpt.json
imported-claim,openai,Math,90,Math-90-Reevaluation-s0-f3dcd0b850f6,True,,,results/Math/90/gpt.json
imported-claim,openai,Math,91,Math-91-Reevaluation-s0-4fefc0f854be,True,,,results/Math/91/gpt.json
imported-claim,openai,Math,92,Math-92-Reevaluation-s0-8b34bbb76901,True,,,results/Math/92/gpt.json
imported-claim,openai,Math,94,Math-94-Reevaluation-s0-2865ecdf4284,True,,,results/Math/94/gpt.json
imported-claim,openai,Math,95,Math-95-Reevaluation-s0-0cc15ca76745,True,,,results/Math/95/gpt.json
imported-claim,openai,Math,96,Math-96-Reevaluation-s0-a1e1033273cf,True,,,results/Math/96/gpt.json
imported-claim,openai,Math,102,Math-102-Reevaluation-s0-347f76146b1c,True,,,results/Math/102/gpt.json
imported-claim,deepseek,Math,103,Math-103-Reevaluation-s0-12aef369a94e,True,,,results/Math/103/deepseek.json
imported-claim,openai,Math,103,Math-103-Reevaluation-s0-c35d9d69496a,True,,,results/Math/103/gpt.json
imported-claim,openai,Math,104,Math-104-Reevaluation-s0-e76541aafff2,True,,,results/Math/104/gpt.json
imported-claim,openai,Mockito,5,Mockito-5-Reevaluation-s0-0232c0e8ddfb,True,,,results/Mockito/5/gpt.json
imported-claim,openai,Mockito,7,Mockito-7-Reevaluation-s0-13073e654bed,True,,,results/Mockito/7/gpt.json
imported-claim,openai,Mockito,9,Mockito-9-Reevaluation-s0-038059156d5f,True,,,results/Mockito/9/gpt.json
imported-claim,openai,Mockito,12,Mockito-12-Reevaluation-s0-26c765cfd74b,True,,,results/Mockito/12/gpt.json
imported-claim,openai,Mockito,15,Mockito-15-Reevaluation-s0-5725b3545fcb,True,,,results/Mockito/15/gpt.json
imported-claim,openai,Mockito,26,Mockito-26-Reevaluation-s0-ba2b235d3abb,True,,,results/Mockito/26/gpt.json
imported-claim,openai,Mockito,29,Mockito-29-Reevaluation-s0-e47582644c50,True,,,results/Mockito/29/gpt.json
imported-claim,openai,Mockito,32,Mockito-32-Reevaluation-s0-28eee9276c6c,True,,,results/Mockito/32/gpt.json
imported-claim,openai,Time,10,Time-10-Reevaluation-s0-3358842f0308,True,,,results/Time/10/gpt.json
imported-claim,openai,Time,15,Time-15-Reevaluation-s0-10dd48a227f5,True,,,results/Time/15/gpt.json
