cohort_id,tool,project,planned_bugs,represented_bugs,selected_target_units,evaluated_target_units,candidate_bugs
e58324e477e0,evosuite,Chart,26,26,28,14,6
e58324e477e0,evosuite,Cli,39,39,51,35,13
e58324e477e0,evosuite,Closure,174,0,0,0,0
e58324e477e0,evosuite,Codec,18,18,28,20,6
e58324e477e0,evosuite,Collections,28,28,28,14,4
e58324e477e0,evosuite,Compress,47,0,0,0,0
e58324e477e0,evosuite,Csv,16,16,17,15,10
e58324e477e0,evosuite,Gson,18,18,21,20,5
e58324e477e0,evosuite,JacksonCore,26,26,35,31,10
e58324e477e0,evosuite,JacksonDatabind,110,0,0,0,0
e58324e477e0,evosuite,JacksonXml,6,6,6,6,2
e58324e477e0,evosuite,Jsoup,93,0,0,0,0
e58324e477e0,evosuite,JxPath,22,22,35,22,9
e58324e477e0,evosuite,Lang,61,0,0,0,0
e58324e477e0,evosuite,Math,106,0,0,0,0
e58324e477e0,evosuite,Mockito,38,38,46,36,5
e58324e477e0,evosuite,Time,26,26,31,27,9
21582839ec02,evosuite,Chart,26,0,0,0,0
21582839ec02,evosuite,Cli,39,0,0,0,0
21582839ec02,evosuite,Closure,174,32,33,24,4
21582839ec02,evosuite,Codec,18,0,0,0,0
21582839ec02,evosuite,Collections,28,0,0,0,0
21582839ec02,evosuite,Compress,47,0,0,0,0
21582839ec02,evosuite,Csv,16,0,0,0,0
21582839ec02,evosuite,Gson,18,0,0,0,0
21582839ec02,evosuite,JacksonCore,26,0,0,0,0
21582839ec02,evosuite,JacksonDatabind,110,0,0,0,0
21582839ec02,evosuite,JacksonXml,6,0,0,0,0
21582839ec02,evosuite,Jsoup,93,0,0,0,0
21582839ec02,evosuite,JxPath,22,0,0,0,0
21582839ec02,evosuite,Lang,61,0,0,0,0
21582839ec02,evosuite,Math,106,0,0,0,0
21582839ec02,evosuite,Mockito,38,0,0,0,0
21582839ec02,evosuite,Time,26,0,0,0,0
1c8e3617408b,evosuite,Chart,26,0,0,0,0
1c8e3617408b,evosuite,Cli,39,0,0,0,0
1c8e3617408b,evosuite,Closure,174,142,193,134,14
1c8e3617408b,evosuite,Codec,18,0,0,0,0
1c8e3617408b,evosuite,Collections,28,0,0,0,0
1c8e3617408b,evosuite,Compress,47,47,58,41,14
1c8e3617408b,evosuite,Csv,16,0,0,0,0
1c8e3617408b,evosuite,Gson,18,0,0,0,0
1c8e3617408b,evosuite,JacksonCore,26,0,0,0,0
1c8e3617408b,evosuite,JacksonDatabind,110,110,157,102,14
1c8e3617408b,evosuite,JacksonXml,6,0,0,0,0
1c8e3617408b,evosuite,Jsoup,93,93,126,80,19
1c8e3617408b,evosuite,JxPath,22,0,0,0,0
1c8e3617408b,evosuite,Lang,61,61,61,45,19
1c8e3617408b,evosuite,Math,106,106,119,113,42
1c8e3617408b,evosuite,Mockito,38,0,0,0,0
1c8e3617408b,evosuite,Time,26,0,0,0,0
135608364b9f,grt,Chart,26,1,1,0,0
135608364b9f,grt,Cli,39,0,0,0,0
135608364b9f,grt,Closure,174,0,0,0,0
135608364b9f,grt,Codec,18,0,0,0,0
135608364b9f,grt,Collections,28,0,0,0,0
135608364b9f,grt,Compress,47,0,0,0,0
135608364b9f,grt,Csv,16,0,0,0,0
135608364b9f,grt,Gson,18,0,0,0,0
135608364b9f,grt,JacksonCore,26,0,0,0,0
135608364b9f,grt,JacksonDatabind,110,0,0,0,0
135608364b9f,grt,JacksonXml,6,0,0,0,0
135608364b9f,grt,Jsoup,93,0,0,0,0
135608364b9f,grt,JxPath,22,0,0,0,0
135608364b9f,grt,Lang,61,0,0,0,0
135608364b9f,grt,Math,106,0,0,0,0
135608364b9f,grt,Mockito,38,0,0,0,0
135608364b9f,grt,Time,26,0,0,0,0
6897acec5cde,grt,Chart,26,26,28,24,8
6897acec5cde,grt,Cli,39,39,51,39,8
6897acec5cde,grt,Closure,174,174,226,183,5
6897acec5cde,grt,Codec,18,18,28,17,3
6897acec5cde,grt,Collections,28,28,28,25,1
6897acec5cde,grt,Compress,47,47,58,55,5
6897acec5cde,grt,Csv,16,16,17,15,0
6897acec5cde,grt,Gson,18,18,21,18,4
6897acec5cde,grt,JacksonCore,26,26,35,35,6
6897acec5cde,grt,JacksonDatabind,110,110,157,106,4
6897acec5cde,grt,JacksonXml,6,6,6,5,0
6897acec5cde,grt,Jsoup,93,93,126,91,11
6897acec5cde,grt,JxPath,22,22,35,28,2
6897acec5cde,grt,Lang,61,61,61,54,8
6897acec5cde,grt,Math,106,106,119,96,16
6897acec5cde,grt,Mockito,38,0,0,0,0
6897acec5cde,grt,Time,26,0,0,0,0
3690c7fc86f8,grt,Chart,26,0,0,0,0
3690c7fc86f8,grt,Cli,39,0,0,0,0
3690c7fc86f8,grt,Closure,174,0,0,0,0
3690c7fc86f8,grt,Codec,18,0,0,0,0
3690c7fc86f8,grt,Collections,28,0,0,0,0
3690c7fc86f8,grt,Compress,47,0,0,0,0
3690c7fc86f8,grt,Csv,16,0,0,0,0
3690c7fc86f8,grt,Gson,18,0,0,0,0
3690c7fc86f8,grt,JacksonCore,26,0,0,0,0
3690c7fc86f8,grt,JacksonDatabind,110,0,0,0,0
3690c7fc86f8,grt,JacksonXml,6,0,0,0,0
3690c7fc86f8,grt,Jsoup,93,0,0,0,0
3690c7fc86f8,grt,JxPath,22,0,0,0,0
3690c7fc86f8,grt,Lang,61,0,0,0,0
3690c7fc86f8,grt,Math,106,0,0,0,0
3690c7fc86f8,grt,Mockito,38,38,46,40,3
3690c7fc86f8,grt,Time,26,26,31,21,1
